/* Generated from JetBrainsMono-SemiBold.ttf at 30 px (4 bpp) for LVGL 9 - JetBrains Mono, SIL Open Font License 1.1 */
#include "lvgl.h"

static LV_ATTRIBUTE_LARGE_CONST const uint8_t glyph_bitmap[] = {
    0x00, 0x00, 0x00, 0x0d, 0xff, 0xd0, 0x00, 0x00, 0x00, 0x00, 0x00, 0x00, 0x0c, 0xff, 0xc0, 0x00, 0x00, 0x00, 0x00, 0x00, 0x00, 0x0c, 0xff, 0xc0,
    0x00, 0x00, 0x00, 0x00, 0x00, 0x00, 0x0b, 0xff, 0xb0, 0x00, 0x00, 0x00, 0x00, 0x00, 0x00, 0x0b, 0xff, 0xb0, 0x00, 0x00, 0x00, 0x00, 0x00, 0x00,
    0x0b, 0xff, 0xa0, 0x00, 0x00, 0x00, 0x00, 0x00, 0x00, 0x0a, 0xff, 0xa0, 0x00, 0x00, 0x00, 0x00, 0x00, 0x00, 0x0a, 0xff, 0xa0, 0x00, 0x00, 0x00,
    0x00, 0x00, 0x00, 0x09, 0xff, 0x90, 0x00, 0x00, 0x00, 0x00, 0x00, 0x00, 0x09, 0xff, 0x90, 0x00, 0x00, 0x00, 0x00, 0x00, 0x00, 0x08, 0xff, 0x80,
    0x00, 0x00, 0x00, 0x00, 0x00, 0x00, 0x08, 0xff, 0x80, 0x00, 0x00, 0x00, 0x00, 0x00, 0x00, 0x08, 0xff, 0x80, 0x00, 0x00, 0x00, 0x00, 0x00, 0x00,
    0x07, 0xff, 0x70, 0x00, 0x00, 0x00, 0x00, 0x00, 0x00, 0x07, 0xff, 0x70, 0x00, 0x00, 0x00, 0x00, 0x00, 0x00, 0x00, 0x00, 0x00, 0x00, 0x00, 0x00,
    0x00, 0x00, 0x00, 0x00, 0x00, 0x00, 0x00, 0x00, 0x00, 0x00, 0x00, 0x00, 0x00, 0x00, 0x00, 0x00, 0x00, 0x00, 0x00, 0x00, 0x00, 0x0a, 0xff, 0xa0,
    0x00, 0x00, 0x00, 0x00, 0x00, 0x00, 0x4f, 0xff, 0xf5, 0x00, 0x00, 0x00, 0x00, 0x00, 0x00, 0x4f, 0xff, 0xf4, 0x00, 0x00, 0x00, 0x00, 0x00, 0x00,
    0x0a, 0xff, 0xa0, 0x00, 0x00, 0x00, 0x00, 0x01, 0xff, 0xf6, 0x00, 0x6f, 0xff, 0x10, 0x00, 0x00, 0x01, 0xff, 0xf5, 0x00, 0x5f, 0xff, 0x10, 0x00,
    0x00, 0x01, 0xff, 0xf5, 0x00, 0x5f, 0xff, 0x10, 0x00, 0x00, 0x00, 0xff, 0xf5, 0x00, 0x5f, 0xff, 0x00, 0x00, 0x00, 0x00, 0xff, 0xf4, 0x00, 0x4f,
    0xff, 0x00, 0x00, 0x00, 0x00, 0xff, 0xf4, 0x00, 0x4f, 0xff, 0x00, 0x00, 0x00, 0x00, 0xff, 0xf4, 0x00, 0x3f, 0xff, 0x00, 0x00, 0x00, 0x00, 0xef,
    0xf3, 0x00, 0x3f, 0xff, 0x00, 0x00, 0x00, 0x00, 0xef, 0xf3, 0x00, 0x2f, 0xfe, 0x00, 0x00, 0x00, 0x00, 0x00, 0x00, 0x00, 0x00, 0x00, 0x00, 0x00,
    0x00, 0x00, 0x00, 0x00, 0x00, 0x00, 0x00, 0x00, 0x00, 0x00, 0x00, 0x00, 0x00, 0x00, 0x00, 0x00, 0x00, 0x00, 0x00, 0x00, 0x00, 0x00, 0x00, 0x00,
    0x00, 0x00, 0x00, 0x00, 0x00, 0x00, 0x00, 0x00, 0x00, 0x00, 0x00, 0x00, 0x00, 0x00, 0x00, 0x00, 0x00, 0x00, 0x00, 0x00, 0x00, 0x00, 0x00, 0x00,
    0x00, 0x00, 0x00, 0x00, 0x00, 0x00, 0x00, 0x00, 0x00, 0x00, 0x00, 0x00, 0x00, 0x00, 0x00, 0x00, 0x00, 0x00, 0x00, 0x00, 0x00, 0x00, 0x00, 0x00,
    0x00, 0x00, 0x00, 0x00, 0x00, 0x00, 0x00, 0x00, 0x00, 0x00, 0x00, 0x00, 0x00, 0x00, 0x00, 0x00, 0x00, 0x00, 0x00, 0x00, 0x00, 0x00, 0x00, 0x00,
    0x00, 0x00, 0x00, 0x00, 0x00, 0x00, 0x00, 0x00, 0x00, 0x00, 0x00, 0x00, 0x00, 0x00, 0x00, 0xcf, 0x90, 0x00, 0x0d, 0xf7, 0x00, 0x00, 0x00, 0x00,
    0xff, 0x60, 0x00, 0x0f, 0xf5, 0x00, 0x00, 0x00, 0x02, 0xff, 0x30, 0x00, 0x3f, 0xf2, 0x00, 0x00, 0x00, 0x05, 0xff, 0x00, 0x00, 0x6f, 0xf0, 0x00,
    0x00, 0x00, 0x08, 0xfd, 0x00, 0x00, 0x9f, 0xc0, 0x00, 0x00, 0x00, 0x0b, 0xfa, 0x00, 0x00, 0xcf, 0x90, 0x00, 0x00, 0xef, 0xff, 0xff, 0xff, 0xff,
    0xff, 0xff, 0xf0, 0x00, 0xef, 0xff, 0xff, 0xff, 0xff, 0xff, 0xff, 0xf0, 0x00, 0xce, 0xef, 0xfe, 0xee, 0xee, 0xff, 0xee, 0xd0, 0x00, 0x00, 0x4f,
    0xf1, 0x00, 0x06, 0xff, 0x00, 0x00, 0x00, 0x00, 0x8f, 0xd0, 0x00, 0x09, 0xfb, 0x00, 0x00, 0x00, 0x00, 0xcf, 0x90, 0x00, 0x0d, 0xf8, 0x00, 0x00,
    0x00, 0x00, 0xff, 0x60, 0x00, 0x1f, 0xf4, 0x00, 0x00, 0x0d, 0xee, 0xff, 0xee, 0xee, 0xef, 0xfe, 0xec, 0x00, 0x0f, 0xff, 0xff, 0xff, 0xff, 0xff,
    0xff, 0xfe, 0x00, 0x0f, 0xff, 0xff, 0xff, 0xff, 0xff, 0xff, 0xfe, 0x00, 0x00, 0x09, 0xfc, 0x00, 0x00, 0xbf, 0xa0, 0x00, 0x00, 0x00, 0x0c, 0xf9,
    0x00, 0x00, 0xef, 0x70, 0x00, 0x00, 0x00, 0x0f, 0xf6, 0x00, 0x01, 0xff, 0x40, 0x00, 0x00, 0x00, 0x2f, 0xf3, 0x00, 0x04, 0xff, 0x10, 0x00, 0x00,
    0x00, 0x5f, 0xf0, 0x00, 0x07, 0xfe, 0x00, 0x00, 0x00, 0x00, 0x8f, 0xd0, 0x00, 0x09, 0xfc, 0x00, 0x00, 0x00, 0x00, 0x00, 0x00, 0x00, 0x67, 0x00,
    0x00, 0x00, 0x00, 0x00, 0x00, 0x00, 0x00, 0xdf, 0x00, 0x00, 0x00, 0x00, 0x00, 0x00, 0x00, 0x00, 0xdf, 0x00, 0x00, 0x00, 0x00, 0x00, 0x00, 0x00,
    0x00, 0xdf, 0x00, 0x00, 0x00, 0x00, 0x00, 0x00, 0x00, 0x15, 0xef, 0x62, 0x00, 0x00, 0x00, 0x00, 0x00, 0x1b, 0xff, 0xff, 0xff, 0xc3, 0x00, 0x00,
    0x00, 0x02, 0xef, 0xff, 0xff, 0xff, 0xff, 0x40, 0x00, 0x00, 0x0c, 0xff, 0xfa, 0xef, 0x9f, 0xff, 0xe1, 0x00, 0x00, 0x3f, 0xff, 0x50, 0xdf, 0x03,
    0xff, 0xf7, 0x00, 0x00, 0x7f, 0xfd, 0x00, 0xdf, 0x00, 0xaf, 0xfa, 0x00, 0x00, 0x8f, 0xfb, 0x00, 0xdf, 0x00, 0x38, 0x86, 0x00, 0x00, 0x7f, 0xfe,
    0x00, 0xdf, 0x00, 0x00, 0x00, 0x00, 0x00, 0x4f, 0xff, 0x70, 0xdf, 0x00, 0x00, 0x00, 0x00, 0x00, 0x0d, 0xff, 0xf9, 0xef, 0x00, 0x00, 0x00, 0x00,
    0x00, 0x04, 0xff, 0xff, 0xff, 0x94, 0x00, 0x00, 0x00, 0x00, 0x00, 0x5f, 0xff, 0xff, 0xff, 0xd3, 0x00, 0x00, 0x00, 0x00, 0x01, 0x8e, 0xff, 0xff,
    0xff, 0x50, 0x00, 0x00, 0x00, 0x00, 0x00, 0xdf, 0xef, 0xff, 0xf2, 0x00, 0x00, 0x00, 0x00, 0x00, 0xdf, 0x07, 0xff, 0xf9, 0x00, 0x00, 0x00, 0x00,
    0x00, 0xdf, 0x00, 0x9f, 0xfe, 0x00, 0x00, 0x00, 0x00, 0x00, 0xdf, 0x00, 0x4f, 0xff, 0x00, 0x00, 0xff, 0xf4, 0x00, 0xdf, 0x00, 0x3f, 0xff, 0x00,
    0x00, 0xdf, 0xf9, 0x00, 0xdf, 0x00, 0x7f, 0xfe, 0x00, 0x00, 0x8f, 0xff, 0x70, 0xdf, 0x05, 0xff, 0xf8, 0x00, 0x00, 0x1e, 0xff, 0xff, 0xff, 0xef,
    0xff, 0xe1, 0x00, 0x00, 0x02, 0xdf, 0xff, 0xff, 0xff, 0xfd, 0x20, 0x00, 0x00, 0x00, 0x07, 0xcf, 0xff, 0xfc, 0x70, 0x00, 0x00, 0x00, 0x00, 0x00,
    0x00, 0xdf, 0x00, 0x00, 0x00, 0x00, 0x00, 0x00, 0x00, 0x00, 0xdf, 0x00, 0x00, 0x00, 0x00, 0x00, 0x00, 0x00, 0x00, 0xdf, 0x00, 0x00, 0x00, 0x00,
    0x00, 0x00, 0x00, 0x00, 0xdf, 0x00, 0x00, 0x00, 0x00, 0x01, 0x9e, 0xfe, 0xa1, 0x00, 0x00, 0x00, 0x1e, 0xf7, 0x0d, 0xff, 0xff, 0xfe, 0x10, 0x00,
    0x00, 0xbf, 0xc0, 0x6f, 0xf8, 0x36, 0xff, 0x80, 0x00, 0x06, 0xff, 0x20, 0xaf, 0xd0, 0x00, 0xaf, 0xc0, 0x00, 0x2f, 0xf6, 0x00, 0xaf, 0xc0, 0x00,
    0x9f, 0xd0, 0x00, 0xcf, 0xb0, 0x00, 0xaf, 0xc0, 0x00, 0x9f, 0xd0, 0x07, 0xfe, 0x10, 0x00, 0xaf, 0xd0, 0x00, 0xbf, 0xc0, 0x2f, 0xf5, 0x00, 0x00,
    0x6f, 0xf8, 0x36, 0xff, 0x90, 0xcf, 0xa0, 0x00, 0x00, 0x0d, 0xff, 0xff, 0xfe, 0x18, 0xfe, 0x10, 0x00, 0x00, 0x01, 0x9e, 0xfe, 0xa2, 0x3f, 0xf4,
    0x00, 0x00, 0x00, 0x00, 0x00, 0x00, 0x00, 0xdf, 0x90, 0x00, 0x00, 0x00, 0x00, 0x00, 0x00, 0x09, 0xfd, 0x00, 0x00, 0x00, 0x00, 0x00, 0x00, 0x00,
    0x4f, 0xf3, 0x2a, 0xef, 0xe9, 0x10, 0x00, 0x00, 0x01, 0xef, 0x82, 0xef, 0xff, 0xff, 0xd0, 0x00, 0x00, 0x0a, 0xfc, 0x09, 0xff, 0x63, 0x8f, 0xf6,
    0x00, 0x00, 0x5f, 0xf2, 0x0c, 0xfb, 0x00, 0x0d, 0xfa, 0x00, 0x01, 0xef, 0x70, 0x0d, 0xf9, 0x00, 0x0c, 0xfb, 0x00, 0x0b, 0xfc, 0x00, 0x0d, 0xf9,
    0x00, 0x0c, 0xfb, 0x00, 0x6f, 0xf2, 0x00, 0x0c, 0xfa, 0x00, 0x0d, 0xfa, 0x02, 0xff, 0x60, 0x00, 0x09, 0xff, 0x51, 0x7f, 0xf6, 0x0c, 0xfb, 0x00,
    0x00, 0x01, 0xef, 0xff, 0xff, 0xd0, 0x7f, 0xe1, 0x00, 0x00, 0x00, 0x2a, 0xef, 0xe9, 0x10, 0x00, 0x00, 0x04, 0xbe, 0xfe, 0x92, 0x00, 0x00, 0x00,
    0x00, 0x00, 0x08, 0xff, 0xff, 0xff, 0xf6, 0x00, 0x00, 0x00, 0x00, 0x04, 0xff, 0xff, 0xef, 0xff, 0xf3, 0x00, 0x00, 0x00, 0x00, 0xbf, 0xfc, 0x10,
    0x2d, 0xff, 0xb0, 0x00, 0x00, 0x00, 0x0d, 0xff, 0x40, 0x00, 0x3f, 0xff, 0x00, 0x00, 0x00, 0x00, 0xcf, 0xf4, 0x00, 0x00, 0xcd, 0xd1, 0x00, 0x00,
    0x00, 0x07, 0xff, 0xa0, 0x00, 0x00, 0x00, 0x00, 0x00, 0x00, 0x00, 0x1e, 0xff, 0x50, 0x00, 0x00, 0x00, 0x00, 0x00, 0x00, 0x00, 0x4f, 0xff, 0x30,
    0x00, 0x00, 0x00, 0x00, 0x00, 0x00, 0x38, 0xef, 0xfe, 0x10, 0x00, 0x00, 0x00, 0x00, 0x00, 0xaf, 0xff, 0xff, 0xfc, 0x00, 0x00, 0x00, 0x00, 0x00,
    0x8f, 0xff, 0xda, 0xdf, 0xf9, 0x00, 0x04, 0xff, 0xf3, 0x0f, 0xff, 0x70, 0x02, 0xff, 0xf5, 0x02, 0xff, 0xf5, 0x04, 0xff, 0xe0, 0x00, 0x05, 0xff,
    0xf4, 0xdf, 0xf7, 0x00, 0x5f, 0xfc, 0x00, 0x00, 0x08, 0xff, 0xff, 0xfa, 0x00, 0x06, 0xff, 0xc0, 0x00, 0x00, 0x0b, 0xff, 0xfc, 0x00, 0x00, 0x5f,
    0xfc, 0x00, 0x00, 0x00, 0x7f, 0xff, 0x80, 0x00, 0x04, 0xff, 0xf1, 0x00, 0x00, 0x4f, 0xff, 0xff, 0x40, 0x00, 0x0f, 0xff, 0xb1, 0x00, 0x6f, 0xff,
    0x9f, 0xfe, 0x10, 0x00, 0x8f, 0xff, 0xfe, 0xff, 0xff, 0x70, 0x9f, 0xfb, 0x00, 0x00, 0xaf, 0xff, 0xff, 0xff, 0x80, 0x00, 0xef, 0xf7, 0x00, 0x00,
    0x5b, 0xef, 0xea, 0x30, 0x00, 0x04, 0xff, 0xf3, 0x00, 0x00, 0x00, 0x0c, 0xff, 0xc0, 0x00, 0x00, 0x00, 0x00, 0x00, 0x00, 0x0b, 0xff, 0xb0, 0x00,
    0x00, 0x00, 0x00, 0x00, 0x00, 0x0b, 0xff, 0xb0, 0x00, 0x00, 0x00, 0x00, 0x00, 0x00, 0x0a, 0xff, 0xa0, 0x00, 0x00, 0x00, 0x00, 0x00, 0x00, 0x0a,
    0xff, 0xa0, 0x00, 0x00, 0x00, 0x00, 0x00, 0x00, 0x0a, 0xff, 0xa0, 0x00, 0x00, 0x00, 0x00, 0x00, 0x00, 0x09, 0xff, 0x90, 0x00, 0x00, 0x00, 0x00,
    0x00, 0x00, 0x09, 0xff, 0x90, 0x00, 0x00, 0x00, 0x00, 0x00, 0x00, 0x08, 0xff, 0x90, 0x00, 0x00, 0x00, 0x00, 0x00, 0x00, 0x00, 0x00, 0x00, 0x00,
    0x00, 0x00, 0x00, 0x00, 0x00, 0x00, 0x00, 0x00, 0x00, 0x00, 0x00, 0x00, 0x00, 0x00, 0x00, 0x00, 0x00, 0x00, 0x00, 0x00, 0x00, 0x00, 0x00, 0x00,
    0x00, 0x00, 0x00, 0x00, 0x00, 0x00, 0x00, 0x00, 0x00, 0x00, 0x00, 0x00, 0x00, 0x00, 0x00, 0x00, 0x00, 0x00, 0x00, 0x00, 0x00, 0x00, 0x00, 0x00,
    0x00, 0x00, 0x00, 0x00, 0x00, 0x00, 0x00, 0x00, 0x00, 0x00, 0x00, 0x00, 0x00, 0x00, 0x00, 0x00, 0x00, 0x00, 0x00, 0x00, 0x00, 0x00, 0x00, 0x00,
    0x00, 0x00, 0x00, 0x00, 0x00, 0x00, 0x00, 0x00, 0x00, 0x00, 0x00, 0x00, 0x00, 0x00, 0x00, 0x00, 0x00, 0x00, 0x00, 0x00, 0x00, 0x00, 0x00, 0x00,
    0x00, 0x00, 0x00, 0x00, 0x00, 0x00, 0x00, 0x00, 0x00, 0x00, 0x00, 0x00, 0x00, 0x00, 0x00, 0x00, 0x00, 0x00, 0x00, 0x00, 0x00, 0x10, 0x00, 0x00,
    0x00, 0x00, 0x00, 0x00, 0x01, 0x8e, 0x80, 0x00, 0x00, 0x00, 0x00, 0x00, 0x00, 0x9f, 0xff, 0x80, 0x00, 0x00, 0x00, 0x00, 0x00, 0x1d, 0xff, 0xff,
    0x80, 0x00, 0x00, 0x00, 0x00, 0x01, 0xdf, 0xff, 0xc5, 0x00, 0x00, 0x00, 0x00, 0x00, 0x0b, 0xff, 0xf7, 0x00, 0x00, 0x00, 0x00, 0x00, 0x00, 0x5f,
    0xff, 0x70, 0x00, 0x00, 0x00, 0x00, 0x00, 0x00, 0xcf, 0xfc, 0x00, 0x00, 0x00, 0x00, 0x00, 0x00, 0x02, 0xff, 0xf4, 0x00, 0x00, 0x00, 0x00, 0x00,
    0x00, 0x06, 0xff, 0xe0, 0x00, 0x00, 0x00, 0x00, 0x00, 0x00, 0x09, 0xff, 0xb0, 0x00, 0x00, 0x00, 0x00, 0x00, 0x00, 0x0a, 0xff, 0x90, 0x00, 0x00,
    0x00, 0x00, 0x00, 0x00, 0x0b, 0xff, 0x80, 0x00, 0x00, 0x00, 0x00, 0x00, 0x00, 0x0b, 0xff, 0x80, 0x00, 0x00, 0x00, 0x00, 0x00, 0x00, 0x0b, 0xff,
    0x80, 0x00, 0x00, 0x00, 0x00, 0x00, 0x00, 0x0b, 0xff, 0x80, 0x00, 0x00, 0x00, 0x00, 0x00, 0x00, 0x0b, 0xff, 0x80, 0x00, 0x00, 0x00, 0x00, 0x00,
    0x00, 0x0b, 0xff, 0x80, 0x00, 0x00, 0x00, 0x00, 0x00, 0x00, 0x0a, 0xff, 0x80, 0x00, 0x00, 0x00, 0x00, 0x00, 0x00, 0x09, 0xff, 0xa0, 0x00, 0x00,
    0x00, 0x00, 0x00, 0x00, 0x07, 0xff, 0xd0, 0x00, 0x00, 0x00, 0x00, 0x00, 0x00, 0x04, 0xff, 0xf2, 0x00, 0x00, 0x00, 0x00, 0x00, 0x00, 0x00, 0xef,
    0xf9, 0x00, 0x00, 0x00, 0x00, 0x00, 0x00, 0x00, 0x8f, 0xff, 0x30, 0x00, 0x00, 0x00, 0x00, 0x00, 0x00, 0x1e, 0xff, 0xe2, 0x00, 0x00, 0x00, 0x00,
    0x00, 0x00, 0x04, 0xff, 0xff, 0x60, 0x00, 0x00, 0x00, 0x00, 0x00, 0x00, 0x6f, 0xff, 0xfe, 0x60, 0x00, 0x00, 0x00, 0x00, 0x00, 0x04, 0xef, 0xff,
    0x80, 0x00, 0x00, 0x00, 0x00, 0x00, 0x00, 0x18, 0xef, 0x80, 0x00, 0x00, 0x00, 0x00, 0x00, 0x00, 0x00, 0x04, 0x40, 0x00, 0x00, 0x01, 0x00, 0x00,
    0x00, 0x00, 0x00, 0x00, 0x00, 0x00, 0x08, 0xe8, 0x10, 0x00, 0x00, 0x00, 0x00, 0x00, 0x00, 0x08, 0xff, 0xf9, 0x00, 0x00, 0x00, 0x00, 0x00, 0x00,
    0x08, 0xff, 0xff, 0xd1, 0x00, 0x00, 0x00, 0x00, 0x00, 0x00, 0x5c, 0xff, 0xfd, 0x10, 0x00, 0x00, 0x00, 0x00, 0x00, 0x00, 0x7f, 0xff, 0xb0, 0x00,
    0x00, 0x00, 0x00, 0x00, 0x00, 0x07, 0xff, 0xf5, 0x00, 0x00, 0x00, 0x00, 0x00, 0x00, 0x00, 0xcf, 0xfc, 0x00, 0x00, 0x00, 0x00, 0x00, 0x00, 0x00,
    0x4f, 0xff, 0x20, 0x00, 0x00, 0x00, 0x00, 0x00, 0x00, 0x0e, 0xff, 0x60, 0x00, 0x00, 0x00, 0x00, 0x00, 0x00, 0x0b, 0xff, 0x90, 0x00, 0x00, 0x00,
    0x00, 0x00, 0x00, 0x09, 0xff, 0xa0, 0x00, 0x00, 0x00, 0x00, 0x00, 0x00, 0x08, 0xff, 0xb0, 0x00, 0x00, 0x00, 0x00, 0x00, 0x00, 0x08, 0xff, 0xb0,
    0x00, 0x00, 0x00, 0x00, 0x00, 0x00, 0x08, 0xff, 0xb0, 0x00, 0x00, 0x00, 0x00, 0x00, 0x00, 0x08, 0xff, 0xb0, 0x00, 0x00, 0x00, 0x00, 0x00, 0x00,
    0x08, 0xff, 0xb0, 0x00, 0x00, 0x00, 0x00, 0x00, 0x00, 0x08, 0xff, 0xb0, 0x00, 0x00, 0x00, 0x00, 0x00, 0x00, 0x08, 0xff, 0xa0, 0x00, 0x00, 0x00,
    0x00, 0x00, 0x00, 0x0a, 0xff, 0x90, 0x00, 0x00, 0x00, 0x00, 0x00, 0x00, 0x0d, 0xff, 0x70, 0x00, 0x00, 0x00, 0x00, 0x00, 0x00, 0x2f, 0xff, 0x30,
    0x00, 0x00, 0x00, 0x00, 0x00, 0x00, 0x9f, 0xfe, 0x00, 0x00, 0x00, 0x00, 0x00, 0x00, 0x03, 0xff, 0xf8, 0x00, 0x00, 0x00, 0x00, 0x00, 0x00, 0x2e,
    0xff, 0xe0, 0x00, 0x00, 0x00, 0x00, 0x00, 0x06, 0xff, 0xff, 0x40, 0x00, 0x00, 0x00, 0x00, 0x06, 0xef, 0xff, 0xf5, 0x00, 0x00, 0x00, 0x00, 0x00,
    0x08, 0xff, 0xfe, 0x40, 0x00, 0x00, 0x00, 0x00, 0x00, 0x08, 0xfe, 0x71, 0x00, 0x00, 0x00, 0x00, 0x00, 0x00, 0x04, 0x40, 0x00, 0x00, 0x00, 0x00,
    0x00, 0x00, 0x00, 0x00, 0x00, 0x06, 0xff, 0x60, 0x00, 0x00, 0x00, 0x00, 0x00, 0x00, 0x06, 0xff, 0x60, 0x00, 0x00, 0x00, 0x00, 0x00, 0x00, 0x06,
    0xff, 0x60, 0x00, 0x00, 0x00, 0x00, 0x00, 0x00, 0x05, 0xff, 0x50, 0x00, 0x00, 0x00, 0x02, 0xa4, 0x00, 0x05, 0xff, 0x50, 0x00, 0x4a, 0x20, 0x08,
    0xff, 0xe8, 0x13, 0xff, 0x31, 0x8e, 0xff, 0x80, 0x0c, 0xff, 0xff, 0xf9, 0xff, 0x9f, 0xff, 0xff, 0xc0, 0x00, 0x5b, 0xff, 0xff, 0xff, 0xff, 0xff,
    0xb5, 0x00, 0x00, 0x00, 0x15, 0x9e, 0xff, 0xe9, 0x51, 0x00, 0x00, 0x00, 0x00, 0x00, 0x6f, 0xff, 0xf6, 0x00, 0x00, 0x00, 0x00, 0x00, 0x04, 0xff,
    0xbb, 0xff, 0x40, 0x00, 0x00, 0x00, 0x00, 0x1e, 0xff, 0x33, 0xff, 0xe1, 0x00, 0x00, 0x00, 0x00, 0xbf, 0xfa, 0x00, 0xaf, 0xfb, 0x00, 0x00, 0x00,
    0x06, 0xff, 0xe1, 0x00, 0x1e, 0xff, 0x60, 0x00, 0x00, 0x06, 0xff, 0x40, 0x00, 0x04, 0xff, 0x60, 0x00, 0x00, 0x00, 0x26, 0x00, 0x00, 0x00, 0x72,
    0x00, 0x00, 0x00, 0x00, 0x00, 0x00, 0x00, 0x00, 0x00, 0x00, 0x00, 0x00, 0x00, 0x00, 0x00, 0x00, 0x00, 0x00, 0x00, 0x00, 0x00, 0x00, 0x00, 0x00,
    0x00, 0x00, 0x00, 0x00, 0x00, 0x00, 0x00, 0x00, 0x09, 0xff, 0x90, 0x00, 0x00, 0x00, 0x00, 0x00, 0x00, 0x09, 0xff, 0x90, 0x00, 0x00, 0x00, 0x00,
    0x00, 0x00, 0x09, 0xff, 0x90, 0x00, 0x00, 0x00, 0x00, 0x00, 0x00, 0x09, 0xff, 0x90, 0x00, 0x00, 0x00, 0x00, 0x00, 0x00, 0x09, 0xff, 0x90, 0x00,
    0x00, 0x00, 0x01, 0xee, 0xee, 0xef, 0xff, 0xfe, 0xee, 0xee, 0x10, 0x02, 0xff, 0xff, 0xff, 0xff, 0xff, 0xff, 0xff, 0x20, 0x02, 0xff, 0xff, 0xff,
    0xff, 0xff, 0xff, 0xff, 0x20, 0x00, 0x00, 0x00, 0x09, 0xff, 0x90, 0x00, 0x00, 0x00, 0x00, 0x00, 0x00, 0x09, 0xff, 0x90, 0x00, 0x00, 0x00, 0x00,
    0x00, 0x00, 0x09, 0xff, 0x90, 0x00, 0x00, 0x00, 0x00, 0x00, 0x00, 0x09, 0xff, 0x90, 0x00, 0x00, 0x00, 0x00, 0x00, 0x00, 0x09, 0xff, 0x90, 0x00,
    0x00, 0x00, 0x00, 0x00, 0x00, 0x09, 0xff, 0x90, 0x00, 0x00, 0x00, 0x00, 0x00, 0x00, 0x00, 0x00, 0x00, 0x00, 0x00, 0x00, 0x00, 0x00, 0x00, 0x00,
    0x00, 0x00, 0x00, 0x00, 0x00, 0x00, 0x00, 0x00, 0x00, 0x00, 0x00, 0x00, 0x00, 0x00, 0x00, 0x00, 0x00, 0x07, 0xff, 0xf4, 0x00, 0x00, 0x00, 0x00,
    0x00, 0x00, 0x0a, 0xff, 0xf0, 0x00, 0x00, 0x00, 0x00, 0x00, 0x00, 0x0d, 0xff, 0xc0, 0x00, 0x00, 0x00, 0x00, 0x00, 0x00, 0x0f, 0xff, 0x80, 0x00,
    0x00, 0x00, 0x00, 0x00, 0x00, 0x3f, 0xff, 0x40, 0x00, 0x00, 0x00, 0x00, 0x00, 0x00, 0x5f, 0xff, 0x10, 0x00, 0x00, 0x00, 0x00, 0x00, 0x00, 0x8f,
    0xfd, 0x00, 0x00, 0x00, 0x00, 0x00, 0x00, 0x00, 0xbf, 0xf9, 0x00, 0x00, 0x00, 0x00, 0x00, 0x00, 0x00, 0xef, 0xf5, 0x00, 0x00, 0x00, 0x00, 0x00,
    0x00, 0xbe, 0xee, 0xee, 0xee, 0xeb, 0x00, 0x00, 0x00, 0x00, 0xcf, 0xff, 0xff, 0xff, 0xfc, 0x00, 0x00, 0x00, 0x00, 0xcf, 0xff, 0xff, 0xff, 0xfc,
    0x00, 0x00, 0x00, 0x00, 0x00, 0x00, 0x00, 0x00, 0x00, 0x00, 0x00, 0x00, 0x00, 0x00, 0x00, 0x00, 0x00, 0x00, 0x00, 0x00, 0x00, 0x00, 0x00, 0x00,
    0x00, 0x00, 0x00, 0x00, 0x00, 0x00, 0x00, 0x00, 0x00, 0x00, 0x00, 0x00, 0x00, 0x00, 0x00, 0x00, 0x00, 0x00, 0x00, 0x00, 0x00, 0x00, 0x00, 0x00,
    0x00, 0x00, 0x00, 0x00, 0x00, 0x00, 0x00, 0x00, 0x00, 0x00, 0x00, 0x00, 0x00, 0x00, 0x00, 0x00, 0x00, 0x00, 0x00, 0x00, 0x00, 0x00, 0x00, 0x00,
    0x00, 0x00, 0x00, 0x00, 0x00, 0x00, 0x00, 0x00, 0x00, 0x00, 0x00, 0x00, 0x00, 0x00, 0x08, 0xee, 0x80, 0x00, 0x00, 0x00, 0x00, 0x00, 0x00, 0x6f,
    0xff, 0xf6, 0x00, 0x00, 0x00, 0x00, 0x00, 0x00, 0x9f, 0xff, 0xf9, 0x00, 0x00, 0x00, 0x00, 0x00, 0x00, 0x6f, 0xff, 0xf6, 0x00, 0x00, 0x00, 0x00,
    0x00, 0x00, 0x09, 0xee, 0x90, 0x00, 0x00, 0x00, 0x00, 0x00, 0x00, 0x00, 0x00, 0x00, 0x48, 0x87, 0x00, 0x00, 0x00, 0x00, 0x00, 0x00, 0x00, 0xcf,
    0xf9, 0x00, 0x00, 0x00, 0x00, 0x00, 0x00, 0x02, 0xff, 0xf3, 0x00, 0x00, 0x00, 0x00, 0x00, 0x00, 0x08, 0xff, 0xd0, 0x00, 0x00, 0x00, 0x00, 0x00,
    0x00, 0x0e, 0xff, 0x80, 0x00, 0x00, 0x00, 0x00, 0x00, 0x00, 0x4f, 0xff, 0x20, 0x00, 0x00, 0x00, 0x00, 0x00, 0x00, 0xaf, 0xfc, 0x00, 0x00, 0x00,
    0x00, 0x00, 0x00, 0x00, 0xff, 0xf6, 0x00, 0x00, 0x00, 0x00, 0x00, 0x00, 0x05, 0xff, 0xf0, 0x00, 0x00, 0x00, 0x00, 0x00, 0x00, 0x0b, 0xff, 0xa0,
    0x00, 0x00, 0x00, 0x00, 0x00, 0x00, 0x1f, 0xff, 0x40, 0x00, 0x00, 0x00, 0x00, 0x00, 0x00, 0x7f, 0xfe, 0x00, 0x00, 0x00, 0x00, 0x00, 0x00, 0x00,
    0xdf, 0xf8, 0x00, 0x00, 0x00, 0x00, 0x00, 0x00, 0x03, 0xff, 0xf2, 0x00, 0x00, 0x00, 0x00, 0x00, 0x00, 0x09, 0xff, 0xc0, 0x00, 0x00, 0x00, 0x00,
    0x00, 0x00, 0x0e, 0xff, 0x60, 0x00, 0x00, 0x00, 0x00, 0x00, 0x00, 0x5f, 0xff, 0x10, 0x00, 0x00, 0x00, 0x00, 0x00, 0x00, 0xbf, 0xfb, 0x00, 0x00,
    0x00, 0x00, 0x00, 0x00, 0x01, 0xff, 0xf5, 0x00, 0x00, 0x00, 0x00, 0x00, 0x00, 0x07, 0xff, 0xe0, 0x00, 0x00, 0x00, 0x00, 0x00, 0x00, 0x0c, 0xff,
    0x90, 0x00, 0x00, 0x00, 0x00, 0x00, 0x00, 0x2f, 0xff, 0x30, 0x00, 0x00, 0x00, 0x00, 0x00, 0x00, 0x8f, 0xfd, 0x00, 0x00, 0x00, 0x00, 0x00, 0x00,
    0x00, 0xef, 0xf7, 0x00, 0x00, 0x00, 0x00, 0x00, 0x00, 0x04, 0xff, 0xf1, 0x00, 0x00, 0x00, 0x00, 0x00, 0x00, 0x0a, 0xff, 0xb0, 0x00, 0x00, 0x00,
    0x00, 0x00, 0x00, 0x0f, 0xff, 0x50, 0x00, 0x00, 0x00, 0x00, 0x00, 0x00, 0x6f, 0xff, 0x00, 0x00, 0x00, 0x00, 0x00, 0x00, 0x00, 0xcf, 0xf9, 0x00,
    0x00, 0x00, 0x00, 0x00, 0x00, 0x00, 0x00, 0x03, 0xad, 0xff, 0xda, 0x30, 0x00, 0x00, 0x00, 0x00, 0x9f, 0xff, 0xff, 0xff, 0xf9, 0x00, 0x00, 0x00,
    0x09, 0xff, 0xff, 0xff, 0xff, 0xff, 0x90, 0x00, 0x00, 0x2f, 0xff, 0xb2, 0x00, 0x2b, 0xff, 0xf2, 0x00, 0x00, 0x8f, 0xfd, 0x00, 0x00, 0x00, 0xdf,
    0xf8, 0x00, 0x00, 0xbf, 0xf7, 0x00, 0x00, 0x00, 0x7f, 0xfb, 0x00, 0x00, 0xcf, 0xf5, 0x00, 0x00, 0x00, 0x5f, 0xfc, 0x00, 0x00, 0xcf, 0xf5, 0x00,
    0x00, 0x00, 0x5f, 0xfc, 0x00, 0x00, 0xcf, 0xf5, 0x00, 0x00, 0x00, 0x5f, 0xfc, 0x00, 0x00, 0xcf, 0xf5, 0x04, 0xee, 0x40, 0x5f, 0xfc, 0x00, 0x00,
    0xcf, 0xf5, 0x0d, 0xff, 0xc0, 0x5f, 0xfc, 0x00, 0x00, 0xcf, 0xf5, 0x0c, 0xff, 0xc0, 0x5f, 0xfc, 0x00, 0x00, 0xcf, 0xf5, 0x04, 0xee, 0x40, 0x5f,
    0xfc, 0x00, 0x00, 0xcf, 0xf5, 0x00, 0x00, 0x00, 0x5f, 0xfc, 0x00, 0x00, 0xcf, 0xf5, 0x00, 0x00, 0x00, 0x5f, 0xfc, 0x00, 0x00, 0xcf, 0xf5, 0x00,
    0x00, 0x00, 0x5f, 0xfc, 0x00, 0x00, 0xbf, 0xf7, 0x00, 0x00, 0x00, 0x7f, 0xfa, 0x00, 0x00, 0x8f, 0xfd, 0x00, 0x00, 0x00, 0xdf, 0xf8, 0x00, 0x00,
    0x3f, 0xff, 0xb2, 0x00, 0x2b, 0xff, 0xf2, 0x00, 0x00, 0x09, 0xff, 0xff, 0xff, 0xff, 0xff, 0x80, 0x00, 0x00, 0x00, 0x9f, 0xff, 0xff, 0xff, 0xf9,
    0x00, 0x00, 0x00, 0x00, 0x03, 0xad, 0xff, 0xd9, 0x30, 0x00, 0x00, 0x00, 0x00, 0x00, 0x3d, 0xff, 0xfa, 0x00, 0x00, 0x00, 0x00, 0x00, 0x06, 0xff,
    0xff, 0xfa, 0x00, 0x00, 0x00, 0x00, 0x00, 0xaf, 0xff, 0xff, 0xfa, 0x00, 0x00, 0x00, 0x00, 0x2d, 0xff, 0xfc, 0xbf, 0xfa, 0x00, 0x00, 0x00, 0x00,
    0x6f, 0xff, 0x80, 0x9f, 0xfa, 0x00, 0x00, 0x00, 0x00, 0x6f, 0xe4, 0x00, 0x9f, 0xfa, 0x00, 0x00, 0x00, 0x00, 0x6b, 0x10, 0x00, 0x9f, 0xfa, 0x00,
    0x00, 0x00, 0x00, 0x10, 0x00, 0x00, 0x9f, 0xfa, 0x00, 0x00, 0x00, 0x00, 0x00, 0x00, 0x00, 0x9f, 0xfa, 0x00, 0x00, 0x00, 0x00, 0x00, 0x00, 0x00,
    0x9f, 0xfa, 0x00, 0x00, 0x00, 0x00, 0x00, 0x00, 0x00, 0x9f, 0xfa, 0x00, 0x00, 0x00, 0x00, 0x00, 0x00, 0x00, 0x9f, 0xfa, 0x00, 0x00, 0x00, 0x00,
    0x00, 0x00, 0x00, 0x9f, 0xfa, 0x00, 0x00, 0x00, 0x00, 0x00, 0x00, 0x00, 0x9f, 0xfa, 0x00, 0x00, 0x00, 0x00, 0x00, 0x00, 0x00, 0x9f, 0xfa, 0x00,
    0x00, 0x00, 0x00, 0x00, 0x00, 0x00, 0x9f, 0xfa, 0x00, 0x00, 0x00, 0x00, 0x00, 0x00, 0x00, 0x9f, 0xfa, 0x00, 0x00, 0x00, 0x00, 0x00, 0x00, 0x00,
    0x9f, 0xfa, 0x00, 0x00, 0x00, 0x00, 0x00, 0x00, 0x00, 0x9f, 0xfa, 0x00, 0x00, 0x00, 0x00, 0x6f, 0xff, 0xff, 0xff, 0xff, 0xff, 0xff, 0x50, 0x00,
    0x6f, 0xff, 0xff, 0xff, 0xff, 0xff, 0xff, 0x60, 0x00, 0x6f, 0xff, 0xff, 0xff, 0xff, 0xff, 0xff, 0x60, 0x00, 0x00, 0x03, 0x9d, 0xff, 0xd9, 0x30,
    0x00, 0x00, 0x00, 0x00, 0x8f, 0xff, 0xff, 0xff, 0xf8, 0x00, 0x00, 0x00, 0x08, 0xff, 0xff, 0xef, 0xff, 0xff, 0x70, 0x00, 0x00, 0x2f, 0xff, 0xb2,
    0x00, 0x4d, 0xff, 0xf1, 0x00, 0x00, 0x9f, 0xfd, 0x00, 0x00, 0x02, 0xff, 0xf7, 0x00, 0x00, 0xcf, 0xf7, 0x00, 0x00, 0x00, 0xcf, 0xf9, 0x00, 0x00,
    0x89, 0x93, 0x00, 0x00, 0x00, 0xaf, 0xfa, 0x00, 0x00, 0x00, 0x00, 0x00, 0x00, 0x00, 0xcf, 0xf9, 0x00, 0x00, 0x00, 0x00, 0x00, 0x00, 0x01, 0xff,
    0xf5, 0x00, 0x00, 0x00, 0x00, 0x00, 0x00, 0x0a, 0xff, 0xe0, 0x00, 0x00, 0x00, 0x00, 0x00, 0x00, 0x6f, 0xff, 0x60, 0x00, 0x00, 0x00, 0x00, 0x00,
    0x04, 0xff, 0xfb, 0x00, 0x00, 0x00, 0x00, 0x00, 0x00, 0x4f, 0xff, 0xd1, 0x00, 0x00, 0x00, 0x00, 0x00, 0x03, 0xff, 0xfd, 0x10, 0x00, 0x00, 0x00,
    0x00, 0x00, 0x3f, 0xff, 0xd1, 0x00, 0x00, 0x00, 0x00, 0x00, 0x02, 0xef, 0xfe, 0x10, 0x00, 0x00, 0x00, 0x00, 0x00, 0x2e, 0xff, 0xe2, 0x00, 0x00,
    0x00, 0x00, 0x00, 0x02, 0xef, 0xfe, 0x20, 0x00, 0x00, 0x00, 0x00, 0x00, 0x1e, 0xff, 0xe2, 0x00, 0x00, 0x00, 0x00, 0x00, 0x00, 0x9f, 0xff, 0xee,
    0xee, 0xee, 0xee, 0xed, 0x00, 0x00, 0x9f, 0xff, 0xff, 0xff, 0xff, 0xff, 0xff, 0x00, 0x00, 0x9f, 0xff, 0xff, 0xff, 0xff, 0xff, 0xff, 0x00, 0x00,
    0x5f, 0xff, 0xff, 0xff, 0xff, 0xff, 0xf0, 0x00, 0x00, 0x5f, 0xff, 0xff, 0xff, 0xff, 0xff, 0xf0, 0x00, 0x00, 0x5e, 0xee, 0xee, 0xee, 0xef, 0xff,
    0xf0, 0x00, 0x00, 0x00, 0x00, 0x00, 0x00, 0x4f, 0xff, 0x50, 0x00, 0x00, 0x00, 0x00, 0x00, 0x04, 0xff, 0xf5, 0x00, 0x00, 0x00, 0x00, 0x00, 0x00,
    0x4f, 0xff, 0x50, 0x00, 0x00, 0x00, 0x00, 0x00, 0x04, 0xff, 0xf5, 0x00, 0x00, 0x00, 0x00, 0x00, 0x00, 0x4f, 0xff, 0x50, 0x00, 0x00, 0x00, 0x00,
    0x00, 0x00, 0xcf, 0xff, 0xea, 0x30, 0x00, 0x00, 0x00, 0x00, 0x00, 0xcf, 0xff, 0xff, 0xf8, 0x00, 0x00, 0x00, 0x00, 0x00, 0x8b, 0xbd, 0xff, 0xff,
    0x70, 0x00, 0x00, 0x00, 0x00, 0x00, 0x00, 0x2c, 0xff, 0xf1, 0x00, 0x00, 0x00, 0x00, 0x00, 0x00, 0x01, 0xff, 0xf5, 0x00, 0x00, 0x00, 0x00, 0x00,
    0x00, 0x00, 0xcf, 0xf8, 0x00, 0x00, 0x00, 0x00, 0x00, 0x00, 0x00, 0xaf, 0xf8, 0x00, 0x00, 0x44, 0x41, 0x00, 0x00, 0x00, 0xaf, 0xf8, 0x00, 0x00,
    0xff, 0xf5, 0x00, 0x00, 0x00, 0xcf, 0xf7, 0x00, 0x00, 0xdf, 0xfa, 0x00, 0x00, 0x03, 0xff, 0xf5, 0x00, 0x00, 0x7f, 0xff, 0x91, 0x00, 0x4d, 0xff,
    0xf0, 0x00, 0x00, 0x0d, 0xff, 0xff, 0xef, 0xff, 0xff, 0x60, 0x00, 0x00, 0x02, 0xdf, 0xff, 0xff, 0xff, 0xf7, 0x00, 0x00, 0x00, 0x00, 0x06, 0xbe,
    0xff, 0xd9, 0x20, 0x00, 0x00, 0x00, 0x00, 0x00, 0x00, 0x06, 0xff, 0xf4, 0x00, 0x00, 0x00, 0x00, 0x00, 0x00, 0x1e, 0xff, 0x90, 0x00, 0x00, 0x00,
    0x00, 0x00, 0x00, 0xbf, 0xfe, 0x00, 0x00, 0x00, 0x00, 0x00, 0x00, 0x05, 0xff, 0xf4, 0x00, 0x00, 0x00, 0x00, 0x00, 0x00, 0x1e, 0xff, 0xa0, 0x00,
    0x00, 0x00, 0x00, 0x00, 0x00, 0xaf, 0xfe, 0x10, 0x00, 0x00, 0x00, 0x00, 0x00, 0x05, 0xff, 0xf5, 0x00, 0x00, 0x00, 0x00, 0x00, 0x00, 0x1e, 0xff,
    0xa0, 0x00, 0x00, 0x00, 0x00, 0x00, 0x00, 0xaf, 0xfe, 0x10, 0x00, 0x00, 0x00, 0x00, 0x00, 0x04, 0xff, 0xf5, 0x00, 0x04, 0xff, 0xf0, 0x00, 0x00,
    0x1e, 0xff, 0xb0, 0x00, 0x04, 0xff, 0xf0, 0x00, 0x00, 0xaf, 0xfe, 0x10, 0x00, 0x04, 0xff, 0xf0, 0x00, 0x00, 0xff, 0xf6, 0x00, 0x00, 0x04, 0xff,
    0xf0, 0x00, 0x00, 0xff, 0xf1, 0x00, 0x00, 0x04, 0xff, 0xf0, 0x00, 0x00, 0xff, 0xff, 0xff, 0xff, 0xff, 0xff, 0xf0, 0x00, 0x00, 0xff, 0xff, 0xff,
    0xff, 0xff, 0xff, 0xf0, 0x00, 0x00, 0xff, 0xff, 0xff, 0xff, 0xff, 0xff, 0xf0, 0x00, 0x00, 0x00, 0x00, 0x00, 0x00, 0x04, 0xff, 0xf0, 0x00, 0x00,
    0x00, 0x00, 0x00, 0x00, 0x04, 0xff, 0xf0, 0x00, 0x00, 0x00, 0x00, 0x00, 0x00, 0x04, 0xff, 0xf0, 0x00, 0x00, 0x00, 0x00, 0x00, 0x00, 0x04, 0xff,
    0xf0, 0x00, 0x00, 0x00, 0x00, 0x00, 0x00, 0x04, 0xff, 0xf0, 0x00, 0x00, 0x3f, 0xff, 0xff, 0xff, 0xff, 0xff, 0xe0, 0x00, 0x00, 0x3f, 0xff, 0xff,
    0xff, 0xff, 0xff, 0xe0, 0x00, 0x00, 0x3f, 0xff, 0xee, 0xee, 0xee, 0xee, 0xc0, 0x00, 0x00, 0x3f, 0xfd, 0x00, 0x00, 0x00, 0x00, 0x00, 0x00, 0x00,
    0x3f, 0xfd, 0x00, 0x00, 0x00, 0x00, 0x00, 0x00, 0x00, 0x3f, 0xfd, 0x00, 0x00, 0x00, 0x00, 0x00, 0x00, 0x00, 0x3f, 0xfd, 0x00, 0x00, 0x00, 0x00,
    0x00, 0x00, 0x00, 0x3f, 0xfd, 0x00, 0x00, 0x00, 0x00, 0x00, 0x00, 0x00, 0x3f, 0xff, 0xff, 0xff, 0xea, 0x40, 0x00, 0x00, 0x00, 0x3f, 0xff, 0xff,
    0xff, 0xff, 0xfa, 0x00, 0x00, 0x00, 0x2e, 0xee, 0xee, 0xef, 0xff, 0xff, 0x90, 0x00, 0x00, 0x00, 0x00, 0x00, 0x00, 0x3c, 0xff, 0xf2, 0x00, 0x00,
    0x00, 0x00, 0x00, 0x00, 0x01, 0xff, 0xf7, 0x00, 0x00, 0x00, 0x00, 0x00, 0x00, 0x00, 0xaf, 0xf9, 0x00, 0x00, 0x00, 0x00, 0x00, 0x00, 0x00, 0x8f,
    0xfa, 0x00, 0x00, 0x44, 0x41, 0x00, 0x00, 0x00, 0x8f, 0xfa, 0x00, 0x00, 0xef, 0xf6, 0x00, 0x00, 0x00, 0xbf, 0xf9, 0x00, 0x00, 0xbf, 0xfc, 0x00,
    0x00, 0x01, 0xff, 0xf7, 0x00, 0x00, 0x6f, 0xff, 0xa1, 0x00, 0x3c, 0xff, 0xf2, 0x00, 0x00, 0x0c, 0xff, 0xff, 0xef, 0xff, 0xff, 0x80, 0x00, 0x00,
    0x01, 0xcf, 0xff, 0xff, 0xff, 0xf9, 0x00, 0x00, 0x00, 0x00, 0x05, 0xae, 0xff, 0xd9, 0x30, 0x00, 0x00, 0x00, 0x00, 0x00, 0x00, 0x9f, 0xfe, 0x10,
    0x00, 0x00, 0x00, 0x00, 0x00, 0x02, 0xff, 0xf6, 0x00, 0x00, 0x00, 0x00, 0x00, 0x00, 0x0b, 0xff, 0xc0, 0x00, 0x00, 0x00, 0x00, 0x00, 0x00, 0x4f,
    0xff, 0x30, 0x00, 0x00, 0x00, 0x00, 0x00, 0x00, 0xcf, 0xf9, 0x00, 0x00, 0x00, 0x00, 0x00, 0x00, 0x05, 0xff, 0xe1, 0x00, 0x00, 0x00, 0x00, 0x00,
    0x00, 0x0e, 0xff, 0x60, 0x00, 0x00, 0x00, 0x00, 0x00, 0x00, 0x7f, 0xfc, 0x00, 0x00, 0x00, 0x00, 0x00, 0x00, 0x01, 0xff, 0xf7, 0xcf, 0xec, 0x70,
    0x00, 0x00, 0x00, 0x09, 0xff, 0xff, 0xff, 0xff, 0xfd, 0x20, 0x00, 0x00, 0x1f, 0xff, 0xfc, 0x88, 0xcf, 0xff, 0xe1, 0x00, 0x00, 0x8f, 0xff, 0x50,
    0x00, 0x05, 0xff, 0xf8, 0x00, 0x00, 0xdf, 0xf8, 0x00, 0x00, 0x00, 0x8f, 0xfe, 0x00, 0x01, 0xff, 0xf1, 0x00, 0x00, 0x00, 0x2f, 0xff, 0x20, 0x03,
    0xff, 0xf0, 0x00, 0x00, 0x00, 0x0f, 0xff, 0x30, 0x03, 0xff, 0xf0, 0x00, 0x00, 0x00, 0x0f, 0xff, 0x20, 0x01, 0xff, 0xf3, 0x00, 0x00, 0x00, 0x3f,
    0xff, 0x10, 0x00, 0xcf, 0xfb, 0x00, 0x00, 0x00, 0xbf, 0xfc, 0x00, 0x00, 0x6f, 0xff, 0xa2, 0x00, 0x2a, 0xff, 0xf5, 0x00, 0x00, 0x0a, 0xff, 0xff,
    0xee, 0xff, 0xff, 0xa0, 0x00, 0x00, 0x00, 0x9f, 0xff, 0xff, 0xff, 0xf9, 0x00, 0x00, 0x00, 0x00, 0x03, 0x9d, 0xff, 0xd9, 0x30, 0x00, 0x00, 0x00,
    0xcf, 0xff, 0xff, 0xff, 0xff, 0xff, 0xff, 0x90, 0x00, 0xcf, 0xff, 0xff, 0xff, 0xff, 0xff, 0xff, 0x90, 0x00, 0xcf, 0xfe, 0xee, 0xee, 0xee, 0xef,
    0xff, 0x90, 0x00, 0xcf, 0xf7, 0x00, 0x00, 0x00, 0x2f, 0xff, 0x50, 0x00, 0xcf, 0xf7, 0x00, 0x00, 0x00, 0x9f, 0xfe, 0x00, 0x00, 0xcf, 0xf7, 0x00,
    0x00, 0x00, 0xef, 0xf8, 0x00, 0x00, 0x57, 0x73, 0x00, 0x00, 0x06, 0xff, 0xf2, 0x00, 0x00, 0x00, 0x00, 0x00, 0x00, 0x0c, 0xff, 0xb0, 0x00, 0x00,
    0x00, 0x00, 0x00, 0x00, 0x3f, 0xff, 0x40, 0x00, 0x00, 0x00, 0x00, 0x00, 0x00, 0xaf, 0xfe, 0x00, 0x00, 0x00, 0x00, 0x00, 0x00, 0x01, 0xff, 0xf7,
    0x00, 0x00, 0x00, 0x00, 0x00, 0x00, 0x07, 0xff, 0xf1, 0x00, 0x00, 0x00, 0x00, 0x00, 0x00, 0x0d, 0xff, 0xa0, 0x00, 0x00, 0x00, 0x00, 0x00, 0x00,
    0x4f, 0xff, 0x40, 0x00, 0x00, 0x00, 0x00, 0x00, 0x00, 0xbf, 0xfd, 0x00, 0x00, 0x00, 0x00, 0x00, 0x00, 0x01, 0xff, 0xf6, 0x00, 0x00, 0x00, 0x00,
    0x00, 0x00, 0x08, 0xff, 0xf1, 0x00, 0x00, 0x00, 0x00, 0x00, 0x00, 0x0e, 0xff, 0x90, 0x00, 0x00, 0x00, 0x00, 0x00, 0x00, 0x5f, 0xff, 0x30, 0x00,
    0x00, 0x00, 0x00, 0x00, 0x00, 0xcf, 0xfc, 0x00, 0x00, 0x00, 0x00, 0x00, 0x00, 0x02, 0xff, 0xf6, 0x00, 0x00, 0x00, 0x00, 0x00, 0x00, 0x09, 0xff,
    0xe0, 0x00, 0x00, 0x00, 0x00, 0x00, 0x00, 0x03, 0x9d, 0xff, 0xd9, 0x30, 0x00, 0x00, 0x00, 0x00, 0x9f, 0xff, 0xff, 0xff, 0xf9, 0x00, 0x00, 0x00,
    0x09, 0xff, 0xff, 0xff, 0xff, 0xff, 0x90, 0x00, 0x00, 0x2f, 0xff, 0xc2, 0x00, 0x3c, 0xff, 0xf2, 0x00, 0x00, 0x7f, 0xfe, 0x10, 0x00, 0x01, 0xef,
    0xf7, 0x00, 0x00, 0x8f, 0xfa, 0x00, 0x00, 0x00, 0xaf, 0xf9, 0x00, 0x00, 0x7f, 0xfa, 0x00, 0x00, 0x00, 0xaf, 0xf7, 0x00, 0x00, 0x3f, 0xff, 0x10,
    0x00, 0x01, 0xff, 0xf3, 0x00, 0x00, 0x0a, 0xff, 0xd4, 0x11, 0x4d, 0xff, 0xa0, 0x00, 0x00, 0x00, 0x9f, 0xff, 0xff, 0xff, 0xf9, 0x00, 0x00, 0x00,
    0x00, 0x29, 0xff, 0xff, 0xff, 0x92, 0x00, 0x00, 0x00, 0x06, 0xff, 0xff, 0xee, 0xff, 0xff, 0x60, 0x00, 0x00, 0x4f, 0xff, 0x91, 0x00, 0x19, 0xff,
    0xf4, 0x00, 0x00, 0xcf, 0xf9, 0x00, 0x00, 0x00, 0x9f, 0xfd, 0x00, 0x01, 0xff, 0xf2, 0x00, 0x00, 0x00, 0x2f, 0xff, 0x10, 0x03, 0xff, 0xf0, 0x00,
    0x00, 0x00, 0x0f, 0xff, 0x30, 0x02, 0xff, 0xf1, 0x00, 0x00, 0x00, 0x2f, 0xff, 0x10, 0x00, 0xef, 0xf9, 0x00, 0x00, 0x00, 0x9f, 0xfe, 0x00, 0x00,
    0x8f, 0xff, 0xa2, 0x00, 0x2a, 0xff, 0xf8, 0x00, 0x00, 0x0d, 0xff, 0xff, 0xff, 0xff, 0xff, 0xc0, 0x00, 0x00, 0x01, 0xbf, 0xff, 0xff, 0xff, 0xfb,
    0x10, 0x00, 0x00, 0x00, 0x04, 0xad, 0xff, 0xda, 0x40, 0x00, 0x00, 0x00, 0x00, 0x03, 0x9d, 0xff, 0xd9, 0x30, 0x00, 0x00, 0x00, 0x00, 0x9f, 0xff,
    0xff, 0xff, 0xf9, 0x00, 0x00, 0x00, 0x0a, 0xff, 0xff, 0xee, 0xff, 0xff, 0xb0, 0x00, 0x00, 0x6f, 0xff, 0xa2, 0x00, 0x2a, 0xff, 0xf6, 0x00, 0x00,
    0xcf, 0xfa, 0x00, 0x00, 0x00, 0xaf, 0xfc, 0x00, 0x01, 0xff, 0xf2, 0x00, 0x00, 0x00, 0x3f, 0xff, 0x10, 0x03, 0xff, 0xf0, 0x00, 0x00, 0x00, 0x0f,
    0xff, 0x30, 0x03, 0xff, 0xf0, 0x00, 0x00, 0x00, 0x0f, 0xff, 0x30, 0x01, 0xff, 0xf3, 0x00, 0x00, 0x00, 0x3f, 0xff, 0x10, 0x00, 0xdf, 0xfb, 0x00,
    0x00, 0x00, 0xbf, 0xfd, 0x00, 0x00, 0x7f, 0xff, 0xc3, 0x00, 0x4c, 0xff, 0xf7, 0x00, 0x00, 0x0c, 0xff, 0xff, 0xff, 0xff, 0xff, 0xf1, 0x00, 0x00,
    0x01, 0xbf, 0xff, 0xff, 0xff, 0xff, 0x90, 0x00, 0x00, 0x00, 0x04, 0xac, 0xda, 0xbf, 0xff, 0x10, 0x00, 0x00, 0x00, 0x00, 0x00, 0x02, 0xff, 0xf8,
    0x00, 0x00, 0x00, 0x00, 0x00, 0x00, 0x0b, 0xff, 0xe0, 0x00, 0x00, 0x00, 0x00, 0x00, 0x00, 0x4f, 0xff, 0x60, 0x00, 0x00, 0x00, 0x00, 0x00, 0x00,
    0xdf, 0xfd, 0x00, 0x00, 0x00, 0x00, 0x00, 0x00, 0x06, 0xff, 0xf4, 0x00, 0x00, 0x00, 0x00, 0x00, 0x00, 0x1e, 0xff, 0xb0, 0x00, 0x00, 0x00, 0x00,
    0x00, 0x00, 0x9f, 0xff, 0x20, 0x00, 0x00, 0x00, 0x00, 0x00, 0x02, 0xff, 0xf9, 0x00, 0x00, 0x00, 0x00, 0x00, 0x00, 0x00, 0x09, 0xee, 0x90, 0x00,
    0x00, 0x00, 0x00, 0x00, 0x00, 0x6f, 0xff, 0xf6, 0x00, 0x00, 0x00, 0x00, 0x00, 0x00, 0x9f, 0xff, 0xf9, 0x00, 0x00, 0x00, 0x00, 0x00, 0x00, 0x6f,
    0xff, 0xf6, 0x00, 0x00, 0x00, 0x00, 0x00, 0x00, 0x09, 0xee, 0x90, 0x00, 0x00, 0x00, 0x00, 0x00, 0x00, 0x00, 0x00, 0x00, 0x00, 0x00, 0x00, 0x00,
    0x00, 0x00, 0x00, 0x00, 0x00, 0x00, 0x00, 0x00, 0x00, 0x00, 0x00, 0x00, 0x00, 0x00, 0x00, 0x00, 0x00, 0x00, 0x00, 0x00, 0x00, 0x00, 0x00, 0x00,
    0x00, 0x00, 0x00, 0x00, 0x00, 0x00, 0x00, 0x00, 0x00, 0x00, 0x00, 0x00, 0x00, 0x00, 0x00, 0x00, 0x00, 0x00, 0x00, 0x00, 0x00, 0x00, 0x00, 0x00,
    0x00, 0x00, 0x00, 0x00, 0x00, 0x00, 0x00, 0x00, 0x09, 0xee, 0x90, 0x00, 0x00, 0x00, 0x00, 0x00, 0x00, 0x6f, 0xff, 0xf6, 0x00, 0x00, 0x00, 0x00,
    0x00, 0x00, 0x9f, 0xff, 0xf9, 0x00, 0x00, 0x00, 0x00, 0x00, 0x00, 0x6f, 0xff, 0xf6, 0x00, 0x00, 0x00, 0x00, 0x00, 0x00, 0x09, 0xee, 0x90, 0x00,
    0x00, 0x00, 0x00, 0x00, 0x00, 0x09, 0xff, 0x90, 0x00, 0x00, 0x00, 0x00, 0x00, 0x00, 0x7f, 0xff, 0xf7, 0x00, 0x00, 0x00, 0x00, 0x00, 0x00, 0xaf,
    0xff, 0xfa, 0x00, 0x00, 0x00, 0x00, 0x00, 0x00, 0x7f, 0xff, 0xf7, 0x00, 0x00, 0x00, 0x00, 0x00, 0x00, 0x0a, 0xff, 0xa0, 0x00, 0x00, 0x00, 0x00,
    0x00, 0x00, 0x00, 0x00, 0x00, 0x00, 0x00, 0x00, 0x00, 0x00, 0x00, 0x00, 0x00, 0x00, 0x00, 0x00, 0x00, 0x00, 0x00, 0x00, 0x00, 0x00, 0x00, 0x00,
    0x00, 0x00, 0x00, 0x00, 0x00, 0x00, 0x00, 0x00, 0x00, 0x00, 0x00, 0x00, 0x00, 0x00, 0x00, 0x00, 0x00, 0x00, 0x00, 0x00, 0x00, 0x00, 0x00, 0x00,
    0x00, 0x00, 0x00, 0x00, 0x00, 0x00, 0x00, 0x00, 0x00, 0x00, 0x00, 0x00, 0x00, 0x00, 0x00, 0x00, 0x00, 0x00, 0x00, 0x00, 0x00, 0x00, 0x00, 0x00,
    0x00, 0x00, 0x0a, 0xff, 0xf2, 0x00, 0x00, 0x00, 0x00, 0x00, 0x00, 0x0c, 0xff, 0xe0, 0x00, 0x00, 0x00, 0x00, 0x00, 0x00, 0x0f, 0xff, 0xa0, 0x00,
    0x00, 0x00, 0x00, 0x00, 0x00, 0x2f, 0xff, 0x60, 0x00, 0x00, 0x00, 0x00, 0x00, 0x00, 0x5f, 0xff, 0x20, 0x00, 0x00, 0x00, 0x00, 0x00, 0x00, 0x8f,
    0xfe, 0x00, 0x00, 0x00, 0x00, 0x00, 0x00, 0x00, 0xbf, 0xfa, 0x00, 0x00, 0x00, 0x00, 0x00, 0x00, 0x00, 0xef, 0xf6, 0x00, 0x00, 0x00, 0x00, 0x00,
    0x00, 0x01, 0xff, 0xf2, 0x00, 0x00, 0x00, 0x00, 0x00, 0x00, 0x00, 0x00, 0x00, 0x00, 0x00, 0x67, 0x00, 0x00, 0x00, 0x00, 0x00, 0x00, 0x00, 0x7e,
    0xf9, 0x00, 0x00, 0x00, 0x00, 0x00, 0x01, 0x7e, 0xff, 0xf9, 0x00, 0x00, 0x00, 0x00, 0x01, 0x8f, 0xff, 0xff, 0x91, 0x00, 0x00, 0x00, 0x01, 0x8f,
    0xff, 0xff, 0x81, 0x00, 0x00, 0x00, 0x01, 0x9f, 0xff, 0xfe, 0x71, 0x00, 0x00, 0x00, 0x00, 0x6f, 0xff, 0xfe, 0x70, 0x00, 0x00, 0x00, 0x00, 0x00,
    0x9f, 0xfc, 0x60, 0x00, 0x00, 0x00, 0x00, 0x00, 0x00, 0x9f, 0xfa, 0x40, 0x00, 0x00, 0x00, 0x00, 0x00, 0x00, 0x8f, 0xff, 0xfc, 0x50, 0x00, 0x00,
    0x00, 0x00, 0x00, 0x05, 0xdf, 0xff, 0xfd, 0x50, 0x00, 0x00, 0x00, 0x00, 0x00, 0x04, 0xcf, 0xff, 0xfd, 0x60, 0x00, 0x00, 0x00, 0x00, 0x00, 0x04,
    0xcf, 0xff, 0xfe, 0x70, 0x00, 0x00, 0x00, 0x00, 0x00, 0x03, 0xbf, 0xff, 0xf9, 0x00, 0x00, 0x00, 0x00, 0x00, 0x00, 0x03, 0xbf, 0xf9, 0x00, 0x00,
    0x00, 0x00, 0x00, 0x00, 0x00, 0x03, 0xa9, 0x00, 0x00, 0x00, 0x00, 0x00, 0x00, 0x00, 0x00, 0x00, 0x00, 0x00, 0x00, 0x00, 0x00, 0x00, 0x00, 0x00,
    0x00, 0x00, 0x00, 0x7f, 0xff, 0xff, 0xff, 0xff, 0xff, 0xf8, 0x00, 0x00, 0x7f, 0xff, 0xff, 0xff, 0xff, 0xff, 0xf8, 0x00, 0x00, 0x6e, 0xee, 0xee,
    0xee, 0xee, 0xee, 0xe7, 0x00, 0x00, 0x00, 0x00, 0x00, 0x00, 0x00, 0x00, 0x00, 0x00, 0x00, 0x00, 0x00, 0x00, 0x00, 0x00, 0x00, 0x00, 0x00, 0x00,
    0x00, 0x00, 0x00, 0x00, 0x00, 0x00, 0x00, 0x00, 0x00, 0x00, 0x00, 0x00, 0x00, 0x00, 0x00, 0x00, 0x00, 0x00, 0x6e, 0xee, 0xee, 0xee, 0xee, 0xee,
    0xe7, 0x00, 0x00, 0x7f, 0xff, 0xff, 0xff, 0xff, 0xff, 0xf8, 0x00, 0x00, 0x7f, 0xff, 0xff, 0xff, 0xff, 0xff, 0xf8, 0x00, 0x00, 0x00, 0x00, 0x00,
    0x00, 0x00, 0x00, 0x00, 0x00, 0x00, 0x00, 0x00, 0x00, 0x00, 0x00, 0x00, 0x00, 0x00, 0x00, 0x00, 0x00, 0x00, 0x00, 0x00, 0x00, 0x00, 0x00, 0x00,
    0x00, 0x00, 0x00, 0x00, 0x00, 0x00, 0x00, 0x00, 0x00, 0x00, 0x00, 0x00, 0x00, 0x00, 0x00, 0x00, 0x00, 0x00, 0x77, 0x00, 0x00, 0x00, 0x00, 0x00,
    0x00, 0x00, 0x00, 0x9f, 0xe7, 0x00, 0x00, 0x00, 0x00, 0x00, 0x00, 0x00, 0x9f, 0xff, 0xe8, 0x10, 0x00, 0x00, 0x00, 0x00, 0x00, 0x2a, 0xff, 0xff,
    0xf8, 0x10, 0x00, 0x00, 0x00, 0x00, 0x00, 0x29, 0xff, 0xff, 0xf9, 0x10, 0x00, 0x00, 0x00, 0x00, 0x00, 0x19, 0xff, 0xff, 0xf9, 0x20, 0x00, 0x00,
    0x00, 0x00, 0x00, 0x18, 0xff, 0xff, 0xf6, 0x00, 0x00, 0x00, 0x00, 0x00, 0x00, 0x17, 0xef, 0xf9, 0x00, 0x00, 0x00, 0x00, 0x00, 0x00, 0x02, 0x9f,
    0xf9, 0x00, 0x00, 0x00, 0x00, 0x00, 0x03, 0xbf, 0xff, 0xf8, 0x00, 0x00, 0x00, 0x00, 0x04, 0xcf, 0xff, 0xfd, 0x50, 0x00, 0x00, 0x00, 0x05, 0xcf,
    0xff, 0xfc, 0x50, 0x00, 0x00, 0x00, 0x05, 0xdf, 0xff, 0xfc, 0x40, 0x00, 0x00, 0x00, 0x00, 0x8f, 0xff, 0xfb, 0x40, 0x00, 0x00, 0x00, 0x00, 0x00,
    0x9f, 0xfb, 0x30, 0x00, 0x00, 0x00, 0x00, 0x00, 0x00, 0x8b, 0x30, 0x00, 0x00, 0x00, 0x00, 0x00, 0x00, 0x00, 0x00, 0x00, 0x00, 0x00, 0x00, 0x00,
    0x00, 0x00, 0x00, 0x00, 0x00, 0x00, 0x00, 0x00, 0x00, 0x00, 0x00, 0x00, 0x05, 0xff, 0xff, 0xec, 0x82, 0x00, 0x00, 0x00, 0x00, 0x05, 0xff, 0xff,
    0xff, 0xff, 0x60, 0x00, 0x00, 0x00, 0x04, 0xee, 0xee, 0xff, 0xff, 0xf6, 0x00, 0x00, 0x00, 0x00, 0x00, 0x00, 0x03, 0xdf, 0xff, 0x10, 0x00, 0x00,
    0x00, 0x00, 0x00, 0x00, 0x1e, 0xff, 0x70, 0x00, 0x00, 0x00, 0x00, 0x00, 0x00, 0x09, 0xff, 0xa0, 0x00, 0x00, 0x00, 0x00, 0x00, 0x00, 0x07, 0xff,
    0xc0, 0x00, 0x00, 0x00, 0x00, 0x00, 0x00, 0x09, 0xff, 0xb0, 0x00, 0x00, 0x00, 0x00, 0x00, 0x00, 0x1f, 0xff, 0x80, 0x00, 0x00, 0x00, 0x00, 0x00,
    0x15, 0xef, 0xff, 0x20, 0x00, 0x00, 0x00, 0x02, 0xff, 0xff, 0xff, 0xf9, 0x00, 0x00, 0x00, 0x00, 0x01, 0xff, 0xff, 0xff, 0xa0, 0x00, 0x00, 0x00,
    0x00, 0x01, 0xff, 0xfc, 0xa4, 0x00, 0x00, 0x00, 0x00, 0x00, 0x01, 0xff, 0xf0, 0x00, 0x00, 0x00, 0x00, 0x00, 0x00, 0x01, 0xff, 0xf0, 0x00, 0x00,
    0x00, 0x00, 0x00, 0x00, 0x00, 0x44, 0x40, 0x00, 0x00, 0x00, 0x00, 0x00, 0x00, 0x00, 0x00, 0x00, 0x00, 0x00, 0x00, 0x00, 0x00, 0x00, 0x00, 0x00,
    0x00, 0x00, 0x00, 0x00, 0x00, 0x00, 0x00, 0x05, 0xef, 0xd3, 0x00, 0x00, 0x00, 0x00, 0x00, 0x00, 0x0e, 0xff, 0xfb, 0x00, 0x00, 0x00, 0x00, 0x00,
    0x00, 0x0e, 0xff, 0xfa, 0x00, 0x00, 0x00, 0x00, 0x00, 0x00, 0x05, 0xef, 0xd2, 0x00, 0x00, 0x00, 0x00, 0x00, 0x00, 0x03, 0x9d, 0xff, 0xec, 0x71,
    0x00, 0x00, 0x00, 0x00, 0x9f, 0xff, 0xff, 0xff, 0xff, 0x60, 0x00, 0x00, 0x0b, 0xff, 0xff, 0xfe, 0xff, 0xff, 0xf6, 0x00, 0x00, 0x7f, 0xff, 0x92,
    0x00, 0x02, 0xaf, 0xff, 0x20, 0x00, 0xff, 0xf5, 0x00, 0x00, 0x00, 0x09, 0xff, 0x80, 0x06, 0xff, 0xa0, 0x00, 0x00, 0x00, 0x00, 0xff, 0xc0, 0x09,
    0xff, 0x40, 0x00, 0x00, 0x11, 0x00, 0xdf, 0xe0, 0x0b, 0xff, 0x00, 0x00, 0x3d, 0xff, 0xd4, 0xcf, 0xf0, 0x0d, 0xff, 0x00, 0x02, 0xff, 0xff, 0xff,
    0xdf, 0xf0, 0x0d, 0xff, 0x00, 0x09, 0xff, 0x91, 0x19, 0xff, 0xf0, 0x0d, 0xff, 0x00, 0x0d, 0xfe, 0x00, 0x00, 0xef, 0xf0, 0x0d, 0xff, 0x00, 0x0e,
    0xfc, 0x00, 0x00, 0xcf, 0xf0, 0x0d, 0xff, 0x00, 0x0e, 0xfc, 0x00, 0x00, 0xcf, 0xf0, 0x0d, 0xff, 0x00, 0x0e, 0xfc, 0x00, 0x00, 0xcf, 0xf0, 0x0d,
    0xff, 0x00, 0x0e, 0xfc, 0x00, 0x00, 0xcf, 0xf0, 0x0d, 0xff, 0x00, 0x0e, 0xfe, 0x00, 0x00, 0xef, 0xf0, 0x0d, 0xff, 0x00, 0x0b, 0xff, 0x70, 0x08,
    0xff, 0xc0, 0x0d, 0xff, 0x00, 0x06, 0xff, 0xff, 0xff, 0xff, 0x60, 0x0d, 0xff, 0x00, 0x00, 0xaf, 0xff, 0xff, 0xfb, 0x00, 0x0c, 0xff, 0x00, 0x00,
    0x06, 0xcf, 0xfc, 0x70, 0x00, 0x0a, 0xff, 0x40, 0x00, 0x00, 0x00, 0x00, 0x00, 0x00, 0x06, 0xff, 0xa0, 0x00, 0x00, 0x00, 0x00, 0x00, 0x00, 0x01,
    0xff, 0xf6, 0x00, 0x00, 0x00, 0x00, 0x00, 0x00, 0x00, 0x6f, 0xff, 0xa3, 0x00, 0x00, 0x00, 0x00, 0x00, 0x00, 0x0a, 0xff, 0xff, 0xfe, 0xee, 0xe0,
    0x00, 0x00, 0x00, 0x00, 0x7f, 0xff, 0xff, 0xff, 0xf0, 0x00, 0x00, 0x00, 0x00, 0x02, 0x8c, 0xef, 0xff, 0xf0, 0x00, 0x00, 0x00, 0x00, 0x00, 0x4f,
    0xff, 0xf4, 0x00, 0x00, 0x00, 0x00, 0x00, 0x00, 0x8f, 0xff, 0xf8, 0x00, 0x00, 0x00, 0x00, 0x00, 0x00, 0xcf, 0xff, 0xfc, 0x00, 0x00, 0x00, 0x00,
    0x00, 0x00, 0xff, 0xee, 0xff, 0x00, 0x00, 0x00, 0x00, 0x00, 0x04, 0xff, 0xbb, 0xff, 0x40, 0x00, 0x00, 0x00, 0x00, 0x08, 0xff, 0x87, 0xff, 0x80,
    0x00, 0x00, 0x00, 0x00, 0x0c, 0xff, 0x44, 0xff, 0xc0, 0x00, 0x00, 0x00, 0x00, 0x0f, 0xff, 0x00, 0xff, 0xf0, 0x00, 0x00, 0x00, 0x00, 0x4f, 0xfc,
    0x00, 0xdf, 0xf4, 0x00, 0x00, 0x00, 0x00, 0x8f, 0xf9, 0x00, 0x9f, 0xf8, 0x00, 0x00, 0x00, 0x00, 0xcf, 0xf5, 0x00, 0x5f, 0xfc, 0x00, 0x00, 0x00,
    0x00, 0xff, 0xf1, 0x00, 0x1f, 0xff, 0x10, 0x00, 0x00, 0x04, 0xff, 0xd0, 0x00, 0x0d, 0xff, 0x40, 0x00, 0x00, 0x08, 0xff, 0xa0, 0x00, 0x0a, 0xff,
    0x90, 0x00, 0x00, 0x0c, 0xff, 0xff, 0xff, 0xff, 0xff, 0xd0, 0x00, 0x00, 0x1f, 0xff, 0xff, 0xff, 0xff, 0xff, 0xf1, 0x00, 0x00, 0x4f, 0xff, 0xbb,
    0xbb, 0xbb, 0xff, 0xf5, 0x00, 0x00, 0x9f, 0xfb, 0x00, 0x00, 0x00, 0xbf, 0xf9, 0x00, 0x00, 0xdf, 0xf7, 0x00, 0x00, 0x00, 0x7f, 0xfd, 0x00, 0x01,
    0xff, 0xf3, 0x00, 0x00, 0x00, 0x3f, 0xff, 0x10, 0x05, 0xff, 0xf0, 0x00, 0x00, 0x00, 0x0e, 0xff, 0x50, 0x09, 0xff, 0xb0, 0x00, 0x00, 0x00, 0x0b,
    0xff, 0x90, 0x00, 0x7f, 0xff, 0xff, 0xff, 0xea, 0x40, 0x00, 0x00, 0x00, 0x7f, 0xff, 0xff, 0xff, 0xff, 0xfb, 0x00, 0x00, 0x00, 0x7f, 0xff, 0xee,
    0xef, 0xff, 0xff, 0xb0, 0x00, 0x00, 0x7f, 0xfb, 0x00, 0x00, 0x2c, 0xff, 0xf4, 0x00, 0x00, 0x7f, 0xfb, 0x00, 0x00, 0x00, 0xef, 0xf8, 0x00, 0x00,
    0x7f, 0xfb, 0x00, 0x00, 0x00, 0xaf, 0xfa, 0x00, 0x00, 0x7f, 0xfb, 0x00, 0x00, 0x00, 0xaf, 0xf9, 0x00, 0x00, 0x7f, 0xfb, 0x00, 0x00, 0x00, 0xef,
    0xf4, 0x00, 0x00, 0x7f, 0xfb, 0x00, 0x00, 0x2b, 0xff, 0xb0, 0x00, 0x00, 0x7f, 0xff, 0xee, 0xef, 0xff, 0xfb, 0x10, 0x00, 0x00, 0x7f, 0xff, 0xff,
    0xff, 0xff, 0x91, 0x00, 0x00, 0x00, 0x7f, 0xff, 0xff, 0xff, 0xff, 0xfe, 0x40, 0x00, 0x00, 0x7f, 0xfb, 0x00, 0x00, 0x3b, 0xff, 0xf2, 0x00, 0x00,
    0x7f, 0xfb, 0x00, 0x00, 0x00, 0xbf, 0xfb, 0x00, 0x00, 0x7f, 0xfb, 0x00, 0x00, 0x00, 0x3f, 0xff, 0x00, 0x00, 0x7f, 0xfb, 0x00, 0x00, 0x00, 0x1f,
    0xff, 0x20, 0x00, 0x7f, 0xfb, 0x00, 0x00, 0x00, 0x2f, 0xff, 0x10, 0x00, 0x7f, 0xfb, 0x00, 0x00, 0x00, 0x8f, 0xff, 0x00, 0x00, 0x7f, 0xfb, 0x00,
    0x00, 0x18, 0xff, 0xf9, 0x00, 0x00, 0x7f, 0xff, 0xee, 0xee, 0xff, 0xff, 0xe1, 0x00, 0x00, 0x7f, 0xff, 0xff, 0xff, 0xff, 0xfe, 0x30, 0x00, 0x00,
    0x7f, 0xff, 0xff, 0xff, 0xec, 0x70, 0x00, 0x00, 0x00, 0x00, 0x02, 0x9d, 0xff, 0xeb, 0x50, 0x00, 0x00, 0x00, 0x00, 0x6f, 0xff, 0xff, 0xff, 0xfc,
    0x10, 0x00, 0x00, 0x05, 0xff, 0xff, 0xfe, 0xff, 0xff, 0xc0, 0x00, 0x00, 0x0e, 0xff, 0xd4, 0x00, 0x19, 0xff, 0xf5, 0x00, 0x00, 0x4f, 0xff, 0x30,
    0x00, 0x00, 0xbf, 0xfb, 0x00, 0x00, 0x6f, 0xfe, 0x00, 0x00, 0x00, 0x6f, 0xfd, 0x00, 0x00, 0x7f, 0xfc, 0x00, 0x00, 0x00, 0x14, 0x43, 0x00, 0x00,
    0x7f, 0xfc, 0x00, 0x00, 0x00, 0x00, 0x00, 0x00, 0x00, 0x7f, 0xfc, 0x00, 0x00, 0x00, 0x00, 0x00, 0x00, 0x00, 0x7f, 0xfc, 0x00, 0x00, 0x00, 0x00,
    0x00, 0x00, 0x00, 0x7f, 0xfc, 0x00, 0x00, 0x00, 0x00, 0x00, 0x00, 0x00, 0x7f, 0xfc, 0x00, 0x00, 0x00, 0x00, 0x00, 0x00, 0x00, 0x7f, 0xfc, 0x00,
    0x00, 0x00, 0x00, 0x00, 0x00, 0x00, 0x7f, 0xfc, 0x00, 0x00, 0x00, 0x00, 0x00, 0x00, 0x00, 0x7f, 0xfc, 0x00, 0x00, 0x00, 0x00, 0x00, 0x00, 0x00,
    0x7f, 0xfc, 0x00, 0x00, 0x00, 0x14, 0x44, 0x00, 0x00, 0x6f, 0xfe, 0x00, 0x00, 0x00, 0x7f, 0xfd, 0x00, 0x00, 0x4f, 0xff, 0x30, 0x00, 0x00, 0xcf,
    0xfb, 0x00, 0x00, 0x0e, 0xff, 0xd4, 0x00, 0x19, 0xff, 0xf5, 0x00, 0x00, 0x05, 0xff, 0xff, 0xfe, 0xff, 0xff, 0xc0, 0x00, 0x00, 0x00, 0x6f, 0xff,
    0xff, 0xff, 0xfb, 0x10, 0x00, 0x00, 0x00, 0x02, 0x8d, 0xff, 0xeb, 0x50, 0x00, 0x00, 0x00, 0x8f, 0xff, 0xff, 0xfe, 0xc7, 0x10, 0x00, 0x00, 0x00,
    0x8f, 0xff, 0xff, 0xff, 0xff, 0xf5, 0x00, 0x00, 0x00, 0x8f, 0xff, 0xee, 0xef, 0xff, 0xff, 0x40, 0x00, 0x00, 0x8f, 0xfb, 0x00, 0x00, 0x4e, 0xff,
    0xe0, 0x00, 0x00, 0x8f, 0xfb, 0x00, 0x00, 0x02, 0xff, 0xf5, 0x00, 0x00, 0x8f, 0xfb, 0x00, 0x00, 0x00, 0xbf, 0xf9, 0x00, 0x00, 0x8f, 0xfb, 0x00,
    0x00, 0x00, 0x8f, 0xfb, 0x00, 0x00, 0x8f, 0xfb, 0x00, 0x00, 0x00, 0x8f, 0xfb, 0x00, 0x00, 0x8f, 0xfb, 0x00, 0x00, 0x00, 0x8f, 0xfb, 0x00, 0x00,
    0x8f, 0xfb, 0x00, 0x00, 0x00, 0x8f, 0xfb, 0x00, 0x00, 0x8f, 0xfb, 0x00, 0x00, 0x00, 0x8f, 0xfb, 0x00, 0x00, 0x8f, 0xfb, 0x00, 0x00, 0x00, 0x8f,
    0xfb, 0x00, 0x00, 0x8f, 0xfb, 0x00, 0x00, 0x00, 0x8f, 0xfb, 0x00, 0x00, 0x8f, 0xfb, 0x00, 0x00, 0x00, 0x8f, 0xfb, 0x00, 0x00, 0x8f, 0xfb, 0x00,
    0x00, 0x00, 0x8f, 0xfb, 0x00, 0x00, 0x8f, 0xfb, 0x00, 0x00, 0x00, 0x8f, 0xfa, 0x00, 0x00, 0x8f, 0xfb, 0x00, 0x00, 0x00, 0xbf, 0xf9, 0x00, 0x00,
    0x8f, 0xfb, 0x00, 0x00, 0x02, 0xff, 0xf5, 0x00, 0x00, 0x8f, 0xfb, 0x00, 0x00, 0x4e, 0xff, 0xe0, 0x00, 0x00, 0x8f, 0xff, 0xee, 0xef, 0xff, 0xff,
    0x40, 0x00, 0x00, 0x8f, 0xff, 0xff, 0xff, 0xff, 0xe5, 0x00, 0x00, 0x00, 0x8f, 0xff, 0xff, 0xfe, 0xc7, 0x10, 0x00, 0x00, 0x00, 0x3f, 0xff, 0xff,
    0xff, 0xff, 0xff, 0xfb, 0x00, 0x00, 0x3f, 0xff, 0xff, 0xff, 0xff, 0xff, 0xfb, 0x00, 0x00, 0x3f, 0xff, 0xee, 0xee, 0xee, 0xee, 0xe9, 0x00, 0x00,
    0x3f, 0xff, 0x00, 0x00, 0x00, 0x00, 0x00, 0x00, 0x00, 0x3f, 0xff, 0x00, 0x00, 0x00, 0x00, 0x00, 0x00, 0x00, 0x3f, 0xff, 0x00, 0x00, 0x00, 0x00,
    0x00, 0x00, 0x00, 0x3f, 0xff, 0x00, 0x00, 0x00, 0x00, 0x00, 0x00, 0x00, 0x3f, 0xff, 0x00, 0x00, 0x00, 0x00, 0x00, 0x00, 0x00, 0x3f, 0xff, 0x00,
    0x00, 0x00, 0x00, 0x00, 0x00, 0x00, 0x3f, 0xff, 0xff, 0xff, 0xff, 0xff, 0xa0, 0x00, 0x00, 0x3f, 0xff, 0xff, 0xff, 0xff, 0xff, 0xa0, 0x00, 0x00,
    0x3f, 0xff, 0xee, 0xee, 0xee, 0xee, 0x80, 0x00, 0x00, 0x3f, 0xff, 0x00, 0x00, 0x00, 0x00, 0x00, 0x00, 0x00, 0x3f, 0xff, 0x00, 0x00, 0x00, 0x00,
    0x00, 0x00, 0x00, 0x3f, 0xff, 0x00, 0x00, 0x00, 0x00, 0x00, 0x00, 0x00, 0x3f, 0xff, 0x00, 0x00, 0x00, 0x00, 0x00, 0x00, 0x00, 0x3f, 0xff, 0x00,
    0x00, 0x00, 0x00, 0x00, 0x00, 0x00, 0x3f, 0xff, 0x00, 0x00, 0x00, 0x00, 0x00, 0x00, 0x00, 0x3f, 0xff, 0x00, 0x00, 0x00, 0x00, 0x00, 0x00, 0x00,
    0x3f, 0xff, 0xee, 0xee, 0xee, 0xee, 0xe9, 0x00, 0x00, 0x3f, 0xff, 0xff, 0xff, 0xff, 0xff, 0xfb, 0x00, 0x00, 0x3f, 0xff, 0xff, 0xff, 0xff, 0xff,
    0xfb, 0x00, 0x00, 0x5f, 0xff, 0xff, 0xff, 0xff, 0xff, 0xfe, 0x00, 0x00, 0x5f, 0xff, 0xff, 0xff, 0xff, 0xff, 0xfe, 0x00, 0x00, 0x5f, 0xff, 0xee,
    0xee, 0xee, 0xee, 0xec, 0x00, 0x00, 0x5f, 0xfd, 0x00, 0x00, 0x00, 0x00, 0x00, 0x00, 0x00, 0x5f, 0xfd, 0x00, 0x00, 0x00, 0x00, 0x00, 0x00, 0x00,
    0x5f, 0xfd, 0x00, 0x00, 0x00, 0x00, 0x00, 0x00, 0x00, 0x5f, 0xfd, 0x00, 0x00, 0x00, 0x00, 0x00, 0x00, 0x00, 0x5f, 0xfd, 0x00, 0x00, 0x00, 0x00,
    0x00, 0x00, 0x00, 0x5f, 0xfd, 0x00, 0x00, 0x00, 0x00, 0x00, 0x00, 0x00, 0x5f, 0xff, 0xee, 0xee, 0xee, 0xee, 0xe1, 0x00, 0x00, 0x5f, 0xff, 0xff,
    0xff, 0xff, 0xff, 0xf2, 0x00, 0x00, 0x5f, 0xff, 0xff, 0xff, 0xff, 0xff, 0xf2, 0x00, 0x00, 0x5f, 0xfe, 0x00, 0x00, 0x00, 0x00, 0x00, 0x00, 0x00,
    0x5f, 0xfe, 0x00, 0x00, 0x00, 0x00, 0x00, 0x00, 0x00, 0x5f, 0xfe, 0x00, 0x00, 0x00, 0x00, 0x00, 0x00, 0x00, 0x5f, 0xfe, 0x00, 0x00, 0x00, 0x00,
    0x00, 0x00, 0x00, 0x5f, 0xfe, 0x00, 0x00, 0x00, 0x00, 0x00, 0x00, 0x00, 0x5f, 0xfe, 0x00, 0x00, 0x00, 0x00, 0x00, 0x00, 0x00, 0x5f, 0xfe, 0x00,
    0x00, 0x00, 0x00, 0x00, 0x00, 0x00, 0x5f, 0xfe, 0x00, 0x00, 0x00, 0x00, 0x00, 0x00, 0x00, 0x5f, 0xfe, 0x00, 0x00, 0x00, 0x00, 0x00, 0x00, 0x00,
    0x5f, 0xfe, 0x00, 0x00, 0x00, 0x00, 0x00, 0x00, 0x00, 0x00, 0x03, 0x9d, 0xff, 0xea, 0x40, 0x00, 0x00, 0x00, 0x00, 0x8f, 0xff, 0xff, 0xff, 0xfb,
    0x00, 0x00, 0x00, 0x07, 0xff, 0xff, 0xfe, 0xff, 0xff, 0xb0, 0x00, 0x00, 0x1f, 0xff, 0xc3, 0x00, 0x1a, 0xff, 0xf4, 0x00, 0x00, 0x6f, 0xff, 0x10,
    0x00, 0x00, 0xdf, 0xf9, 0x00, 0x00, 0x8f, 0xfc, 0x00, 0x00, 0x00, 0x8f, 0xfc, 0x00, 0x00, 0x9f, 0xfa, 0x00, 0x00, 0x00, 0x02, 0x21, 0x00, 0x00,
    0x9f, 0xfa, 0x00, 0x00, 0x00, 0x00, 0x00, 0x00, 0x00, 0x9f, 0xfa, 0x00, 0x00, 0x00, 0x00, 0x00, 0x00, 0x00, 0x9f, 0xfa, 0x00, 0x00, 0x00, 0x00,
    0x00, 0x00, 0x00, 0x9f, 0xfa, 0x00, 0x8f, 0xff, 0xff, 0xfd, 0x00, 0x00, 0x9f, 0xfa, 0x00, 0x8f, 0xff, 0xff, 0xfd, 0x00, 0x00, 0x9f, 0xfa, 0x00,
    0x7e, 0xee, 0xef, 0xfd, 0x00, 0x00, 0x9f, 0xfa, 0x00, 0x00, 0x00, 0x7f, 0xfd, 0x00, 0x00, 0x9f, 0xfa, 0x00, 0x00, 0x00, 0x7f, 0xfd, 0x00, 0x00,
    0x9f, 0xfa, 0x00, 0x00, 0x00, 0x7f, 0xfc, 0x00, 0x00, 0x8f, 0xfc, 0x00, 0x00, 0x00, 0x9f, 0xfb, 0x00, 0x00, 0x5f, 0xff, 0x10, 0x00, 0x00, 0xef,
    0xf8, 0x00, 0x00, 0x1f, 0xff, 0xc3, 0x00, 0x2b, 0xff, 0xf3, 0x00, 0x00, 0x07, 0xff, 0xff, 0xfe, 0xff, 0xff, 0xa0, 0x00, 0x00, 0x00, 0x8f, 0xff,
    0xff, 0xff, 0xfa, 0x00, 0x00, 0x00, 0x00, 0x03, 0x9d, 0xff, 0xea, 0x40, 0x00, 0x00, 0x00, 0x7f, 0xfc, 0x00, 0x00, 0x00, 0xcf, 0xf7, 0x00, 0x00,
    0x7f, 0xfc, 0x00, 0x00, 0x00, 0xcf, 0xf7, 0x00, 0x00, 0x7f, 0xfc, 0x00, 0x00, 0x00, 0xcf, 0xf7, 0x00, 0x00, 0x7f, 0xfc, 0x00, 0x00, 0x00, 0xcf,
    0xf7, 0x00, 0x00, 0x7f, 0xfc, 0x00, 0x00, 0x00, 0xcf, 0xf7, 0x00, 0x00, 0x7f, 0xfc, 0x00, 0x00, 0x00, 0xcf, 0xf7, 0x00, 0x00, 0x7f, 0xfc, 0x00,
    0x00, 0x00, 0xcf, 0xf7, 0x00, 0x00, 0x7f, 0xfc, 0x00, 0x00, 0x00, 0xcf, 0xf7, 0x00, 0x00, 0x7f, 0xfc, 0x00, 0x00, 0x00, 0xcf, 0xf7, 0x00, 0x00,
    0x7f, 0xff, 0xee, 0xee, 0xee, 0xff, 0xf7, 0x00, 0x00, 0x7f, 0xff, 0xff, 0xff, 0xff, 0xff, 0xf7, 0x00, 0x00, 0x7f, 0xff, 0xff, 0xff, 0xff, 0xff,
    0xf7, 0x00, 0x00, 0x7f, 0xfc, 0x00, 0x00, 0x00, 0xcf, 0xf7, 0x00, 0x00, 0x7f, 0xfc, 0x00, 0x00, 0x00, 0xcf, 0xf7, 0x00, 0x00, 0x7f, 0xfc, 0x00,
    0x00, 0x00, 0xcf, 0xf7, 0x00, 0x00, 0x7f, 0xfc, 0x00, 0x00, 0x00, 0xcf, 0xf7, 0x00, 0x00, 0x7f, 0xfc, 0x00, 0x00, 0x00, 0xcf, 0xf7, 0x00, 0x00,
    0x7f, 0xfc, 0x00, 0x00, 0x00, 0xcf, 0xf7, 0x00, 0x00, 0x7f, 0xfc, 0x00, 0x00, 0x00, 0xcf, 0xf7, 0x00, 0x00, 0x7f, 0xfc, 0x00, 0x00, 0x00, 0xcf,
    0xf7, 0x00, 0x00, 0x7f, 0xfc, 0x00, 0x00, 0x00, 0xcf, 0xf7, 0x00, 0x00, 0x7f, 0xfc, 0x00, 0x00, 0x00, 0xcf, 0xf7, 0x00, 0x00, 0x1f, 0xff, 0xff,
    0xff, 0xff, 0xff, 0xf1, 0x00, 0x00, 0x1f, 0xff, 0xff, 0xff, 0xff, 0xff, 0xf1, 0x00, 0x00, 0x0e, 0xee, 0xef, 0xff, 0xfe, 0xee, 0xe1, 0x00, 0x00,
    0x00, 0x00, 0x0a, 0xff, 0xa0, 0x00, 0x00, 0x00, 0x00, 0x00, 0x00, 0x0a, 0xff, 0xa0, 0x00, 0x00, 0x00, 0x00, 0x00, 0x00, 0x0a, 0xff, 0xa0, 0x00,
    0x00, 0x00, 0x00, 0x00, 0x00, 0x0a, 0xff, 0xa0, 0x00, 0x00, 0x00, 0x00, 0x00, 0x00, 0x0a, 0xff, 0xa0, 0x00, 0x00, 0x00, 0x00, 0x00, 0x00, 0x0a,
    0xff, 0xa0, 0x00, 0x00, 0x00, 0x00, 0x00, 0x00, 0x0a, 0xff, 0xa0, 0x00, 0x00, 0x00, 0x00, 0x00, 0x00, 0x0a, 0xff, 0xa0, 0x00, 0x00, 0x00, 0x00,
    0x00, 0x00, 0x0a, 0xff, 0xa0, 0x00, 0x00, 0x00, 0x00, 0x00, 0x00, 0x0a, 0xff, 0xa0, 0x00, 0x00, 0x00, 0x00, 0x00, 0x00, 0x0a, 0xff, 0xa0, 0x00,
    0x00, 0x00, 0x00, 0x00, 0x00, 0x0a, 0xff, 0xa0, 0x00, 0x00, 0x00, 0x00, 0x00, 0x00, 0x0a, 0xff, 0xa0, 0x00, 0x00, 0x00, 0x00, 0x00, 0x00, 0x0a,
    0xff, 0xa0, 0x00, 0x00, 0x00, 0x00, 0x00, 0x00, 0x0a, 0xff, 0xa0, 0x00, 0x00, 0x00, 0x00, 0x00, 0x00, 0x0a, 0xff, 0xa0, 0x00, 0x00, 0x00, 0x00,
    0x0e, 0xee, 0xef, 0xff, 0xfe, 0xee, 0xe1, 0x00, 0x00, 0x1f, 0xff, 0xff, 0xff, 0xff, 0xff, 0xf1, 0x00, 0x00, 0x1f, 0xff, 0xff, 0xff, 0xff, 0xff,
    0xf1, 0x00, 0x00, 0x00, 0x00, 0x00, 0x00, 0x02, 0xff, 0xf1, 0x00, 0x00, 0x00, 0x00, 0x00, 0x00, 0x02, 0xff, 0xf1, 0x00, 0x00, 0x00, 0x00, 0x00,
    0x00, 0x02, 0xff, 0xf1, 0x00, 0x00, 0x00, 0x00, 0x00, 0x00, 0x02, 0xff, 0xf1, 0x00, 0x00, 0x00, 0x00, 0x00, 0x00, 0x02, 0xff, 0xf1, 0x00, 0x00,
    0x00, 0x00, 0x00, 0x00, 0x02, 0xff, 0xf1, 0x00, 0x00, 0x00, 0x00, 0x00, 0x00, 0x02, 0xff, 0xf1, 0x00, 0x00, 0x00, 0x00, 0x00, 0x00, 0x02, 0xff,
    0xf1, 0x00, 0x00, 0x00, 0x00, 0x00, 0x00, 0x02, 0xff, 0xf1, 0x00, 0x00, 0x00, 0x00, 0x00, 0x00, 0x02, 0xff, 0xf1, 0x00, 0x00, 0x00, 0x00, 0x00,
    0x00, 0x02, 0xff, 0xf1, 0x00, 0x00, 0x00, 0x00, 0x00, 0x00, 0x02, 0xff, 0xf1, 0x00, 0x00, 0x00, 0x00, 0x00, 0x00, 0x02, 0xff, 0xf1, 0x00, 0x00,
    0x00, 0x00, 0x00, 0x00, 0x02, 0xff, 0xf1, 0x00, 0x00, 0x00, 0x00, 0x00, 0x00, 0x02, 0xff, 0xf1, 0x00, 0x09, 0xbb, 0x40, 0x00, 0x00, 0x03, 0xff,
    0xf1, 0x00, 0x0c, 0xff, 0x80, 0x00, 0x00, 0x05, 0xff, 0xf0, 0x00, 0x08, 0xff, 0xe1, 0x00, 0x00, 0x0c, 0xff, 0xc0, 0x00, 0x02, 0xff, 0xfb, 0x20,
    0x01, 0xaf, 0xff, 0x60, 0x00, 0x00, 0x9f, 0xff, 0xfe, 0xff, 0xff, 0xfc, 0x00, 0x00, 0x00, 0x09, 0xff, 0xff, 0xff, 0xff, 0xc1, 0x00, 0x00, 0x00,
    0x00, 0x39, 0xdf, 0xfe, 0xa5, 0x00, 0x00, 0x00, 0x00, 0x7f, 0xfc, 0x00, 0x00, 0x00, 0x1f, 0xff, 0x60, 0x00, 0x7f, 0xfc, 0x00, 0x00, 0x00, 0x9f,
    0xfe, 0x00, 0x00, 0x7f, 0xfc, 0x00, 0x00, 0x01, 0xff, 0xf7, 0x00, 0x00, 0x7f, 0xfc, 0x00, 0x00, 0x08, 0xff, 0xe0, 0x00, 0x00, 0x7f, 0xfc, 0x00,
    0x00, 0x1f, 0xff, 0x70, 0x00, 0x00, 0x7f, 0xfc, 0x00, 0x00, 0x8f, 0xfe, 0x00, 0x00, 0x00, 0x7f, 0xfc, 0x00, 0x01, 0xff, 0xf7, 0x00, 0x00, 0x00,
    0x7f, 0xfc, 0x00, 0x08, 0xff, 0xe0, 0x00, 0x00, 0x00, 0x7f, 0xfc, 0x00, 0x1f, 0xff, 0x70, 0x00, 0x00, 0x00, 0x7f, 0xff, 0xee, 0xef, 0xfe, 0x00,
    0x00, 0x00, 0x00, 0x7f, 0xff, 0xff, 0xff, 0xf9, 0x00, 0x00, 0x00, 0x00, 0x7f, 0xff, 0xff, 0xff, 0xfe, 0x00, 0x00, 0x00, 0x00, 0x7f, 0xfc, 0x00,
    0x2f, 0xff, 0x70, 0x00, 0x00, 0x00, 0x7f, 0xfc, 0x00, 0x0b, 0xff, 0xe0, 0x00, 0x00, 0x00, 0x7f, 0xfc, 0x00, 0x03, 0xff, 0xf6, 0x00, 0x00, 0x00,
    0x7f, 0xfc, 0x00, 0x00, 0xcf, 0xfd, 0x00, 0x00, 0x00, 0x7f, 0xfc, 0x00, 0x00, 0x4f, 0xff, 0x50, 0x00, 0x00, 0x7f, 0xfc, 0x00, 0x00, 0x0c, 0xff,
    0xc0, 0x00, 0x00, 0x7f, 0xfc, 0x00, 0x00, 0x05, 0xff, 0xf4, 0x00, 0x00, 0x7f, 0xfc, 0x00, 0x00, 0x00, 0xdf, 0xfc, 0x00, 0x00, 0x7f, 0xfc, 0x00,
    0x00, 0x00, 0x6f, 0xff, 0x30, 0x00, 0x7f, 0xfc, 0x00, 0x00, 0x00, 0x0e, 0xff, 0xb0, 0x00, 0x03, 0xff, 0xf0, 0x00, 0x00, 0x00, 0x00, 0x00, 0x00,
    0x03, 0xff, 0xf0, 0x00, 0x00, 0x00, 0x00, 0x00, 0x00, 0x03, 0xff, 0xf0, 0x00, 0x00, 0x00, 0x00, 0x00, 0x00, 0x03, 0xff, 0xf0, 0x00, 0x00, 0x00,
    0x00, 0x00, 0x00, 0x03, 0xff, 0xf0, 0x00, 0x00, 0x00, 0x00, 0x00, 0x00, 0x03, 0xff, 0xf0, 0x00, 0x00, 0x00, 0x00, 0x00, 0x00, 0x03, 0xff, 0xf0,
    0x00, 0x00, 0x00, 0x00, 0x00, 0x00, 0x03, 0xff, 0xf0, 0x00, 0x00, 0x00, 0x00, 0x00, 0x00, 0x03, 0xff, 0xf0, 0x00, 0x00, 0x00, 0x00, 0x00, 0x00,
    0x03, 0xff, 0xf0, 0x00, 0x00, 0x00, 0x00, 0x00, 0x00, 0x03, 0xff, 0xf0, 0x00, 0x00, 0x00, 0x00, 0x00, 0x00, 0x03, 0xff, 0xf0, 0x00, 0x00, 0x00,
    0x00, 0x00, 0x00, 0x03, 0xff, 0xf0, 0x00, 0x00, 0x00, 0x00, 0x00, 0x00, 0x03, 0xff, 0xf0, 0x00, 0x00, 0x00, 0x00, 0x00, 0x00, 0x03, 0xff, 0xf0,
    0x00, 0x00, 0x00, 0x00, 0x00, 0x00, 0x03, 0xff, 0xf0, 0x00, 0x00, 0x00, 0x00, 0x00, 0x00, 0x03, 0xff, 0xf0, 0x00, 0x00, 0x00, 0x00, 0x00, 0x00,
    0x03, 0xff, 0xf0, 0x00, 0x00, 0x00, 0x00, 0x00, 0x00, 0x03, 0xff, 0xf0, 0x00, 0x00, 0x00, 0x00, 0x00, 0x00, 0x03, 0xff, 0xff, 0xff, 0xff, 0xff,
    0xff, 0x90, 0x00, 0x03, 0xff, 0xff, 0xff, 0xff, 0xff, 0xff, 0x90, 0x00, 0x03, 0xff, 0xff, 0xff, 0xff, 0xff, 0xff, 0x90, 0x01, 0xff, 0xff, 0x70,
    0x00, 0x08, 0xff, 0xff, 0x10, 0x01, 0xff, 0xff, 0xb0, 0x00, 0x0c, 0xfe, 0xff, 0x10, 0x01, 0xff, 0xcf, 0xf0, 0x00, 0x1f, 0xfb, 0xff, 0x10, 0x01,
    0xff, 0xaf, 0xf4, 0x00, 0x5f, 0xe9, 0xff, 0x10, 0x01, 0xff, 0xab, 0xf8, 0x00, 0xaf, 0x9a, 0xff, 0x10, 0x01, 0xff, 0xb7, 0xfd, 0x00, 0xef, 0x5b,
    0xff, 0x10, 0x01, 0xff, 0xc2, 0xff, 0x13, 0xff, 0x0c, 0xff, 0x10, 0x01, 0xff, 0xd0, 0xdf, 0x67, 0xfb, 0x0d, 0xff, 0x10, 0x01, 0xff, 0xe0, 0x9f,
    0xac, 0xf6, 0x0d, 0xff, 0x10, 0x01, 0xff, 0xe0, 0x4f, 0xef, 0xf2, 0x0e, 0xff, 0x10, 0x01, 0xff, 0xe0, 0x0f, 0xff, 0xd0, 0x0e, 0xff, 0x10, 0x01,
    0xff, 0xf0, 0x0a, 0xff, 0x80, 0x0f, 0xff, 0x10, 0x01, 0xff, 0xf0, 0x02, 0x55, 0x10, 0x0f, 0xff, 0x10, 0x01, 0xff, 0xf0, 0x00, 0x00, 0x00, 0x0f,
    0xff, 0x10, 0x01, 0xff, 0xf0, 0x00, 0x00, 0x00, 0x0f, 0xff, 0x10, 0x01, 0xff, 0xf0, 0x00, 0x00, 0x00, 0x0f, 0xff, 0x10, 0x01, 0xff, 0xf0, 0x00,
    0x00, 0x00, 0x0f, 0xff, 0x10, 0x01, 0xff, 0xf0, 0x00, 0x00, 0x00, 0x0f, 0xff, 0x10, 0x01, 0xff, 0xf0, 0x00, 0x00, 0x00, 0x0f, 0xff, 0x10, 0x01,
    0xff, 0xf0, 0x00, 0x00, 0x00, 0x0f, 0xff, 0x10, 0x01, 0xff, 0xf0, 0x00, 0x00, 0x00, 0x0f, 0xff, 0x10, 0x01, 0xff, 0xf0, 0x00, 0x00, 0x00, 0x0f,
    0xff, 0x10, 0x00, 0x9f, 0xff, 0xb0, 0x00, 0x00, 0x7f, 0xf9, 0x00, 0x00, 0x9f, 0xff, 0xf1, 0x00, 0x00, 0x7f, 0xf9, 0x00, 0x00, 0x9f, 0xff, 0xf6,
    0x00, 0x00, 0x7f, 0xf9, 0x00, 0x00, 0x9f, 0xff, 0xfc, 0x00, 0x00, 0x7f, 0xf9, 0x00, 0x00, 0x9f, 0xfd, 0xff, 0x10, 0x00, 0x7f, 0xf9, 0x00, 0x00,
    0x9f, 0xf8, 0xff, 0x70, 0x00, 0x7f, 0xf9, 0x00, 0x00, 0x9f, 0xf5, 0xef, 0xc0, 0x00, 0x7f, 0xf9, 0x00, 0x00, 0x9f, 0xf5, 0x9f, 0xf2, 0x00, 0x7f,
    0xf9, 0x00, 0x00, 0x9f, 0xf6, 0x4f, 0xf7, 0x00, 0x7f, 0xf9, 0x00, 0x00, 0x9f, 0xf6, 0x0e, 0xfd, 0x00, 0x7f, 0xf9, 0x00, 0x00, 0x9f, 0xf7, 0x08,
    0xff, 0x20, 0x7f, 0xf9, 0x00, 0x00, 0x9f, 0xf7, 0x03, 0xff, 0x80, 0x6f, 0xf9, 0x00, 0x00, 0x9f, 0xf7, 0x00, 0xdf, 0xd0, 0x6f, 0xf9, 0x00, 0x00,
    0x9f, 0xf7, 0x00, 0x7f, 0xf3, 0x6f, 0xf9, 0x00, 0x00, 0x9f, 0xf7, 0x00, 0x2f, 0xf9, 0x5f, 0xf9, 0x00, 0x00, 0x9f, 0xf7, 0x00, 0x0c, 0xfe, 0x4f,
    0xf9, 0x00, 0x00, 0x9f, 0xf7, 0x00, 0x07, 0xff, 0x7f, 0xf9, 0x00, 0x00, 0x9f, 0xf7, 0x00, 0x01, 0xff, 0xcf, 0xf9, 0x00, 0x00, 0x9f, 0xf7, 0x00,
    0x00, 0xbf, 0xff, 0xf9, 0x00, 0x00, 0x9f, 0xf7, 0x00, 0x00, 0x6f, 0xff, 0xf9, 0x00, 0x00, 0x9f, 0xf7, 0x00, 0x00, 0x1f, 0xff, 0xf9, 0x00, 0x00,
    0x9f, 0xf7, 0x00, 0x00, 0x0b, 0xff, 0xf9, 0x00, 0x00, 0x00, 0x03, 0x9d, 0xff, 0xd9, 0x30, 0x00, 0x00, 0x00, 0x00, 0x8f, 0xff, 0xff, 0xff, 0xf8,
    0x00, 0x00, 0x00, 0x07, 0xff, 0xff, 0xff, 0xff, 0xff, 0x70, 0x00, 0x00, 0x1f, 0xff, 0xc2, 0x00, 0x2c, 0xff, 0xf1, 0x00, 0x00, 0x5f, 0xff, 0x10,
    0x00, 0x01, 0xff, 0xf5, 0x00, 0x00, 0x8f, 0xfc, 0x00, 0x00, 0x00, 0xcf, 0xf8, 0x00, 0x00, 0x9f, 0xfa, 0x00, 0x00, 0x00, 0xaf, 0xf9, 0x00, 0x00,
    0x9f, 0xfa, 0x00, 0x00, 0x00, 0xaf, 0xf9, 0x00, 0x00, 0x9f, 0xfa, 0x00, 0x00, 0x00, 0xaf, 0xf9, 0x00, 0x00, 0x9f, 0xfa, 0x00, 0x00, 0x00, 0xaf,
    0xf9, 0x00, 0x00, 0x9f, 0xfa, 0x00, 0x00, 0x00, 0xaf, 0xf9, 0x00, 0x00, 0x9f, 0xfa, 0x00, 0x00, 0x00, 0xaf, 0xf9, 0x00, 0x00, 0x9f, 0xfa, 0x00,
    0x00, 0x00, 0xaf, 0xf9, 0x00, 0x00, 0x9f, 0xfa, 0x00, 0x00, 0x00, 0xaf, 0xf9, 0x00, 0x00, 0x9f, 0xfa, 0x00, 0x00, 0x00, 0xaf, 0xf9, 0x00, 0x00,
    0x9f, 0xfa, 0x00, 0x00, 0x00, 0xaf, 0xf9, 0x00, 0x00, 0x8f, 0xfc, 0x00, 0x00, 0x00, 0xcf, 0xf8, 0x00, 0x00, 0x5f, 0xff, 0x10, 0x00, 0x01, 0xff,
    0xf5, 0x00, 0x00, 0x1f, 0xff, 0xc2, 0x00, 0x2c, 0xff, 0xf0, 0x00, 0x00, 0x07, 0xff, 0xff, 0xff, 0xff, 0xff, 0x70, 0x00, 0x00, 0x00, 0x8f, 0xff,
    0xff, 0xff, 0xf8, 0x00, 0x00, 0x00, 0x00, 0x03, 0x9d, 0xff, 0xd9, 0x30, 0x00, 0x00, 0x00, 0x7f, 0xff, 0xff, 0xff, 0xec, 0x82, 0x00, 0x00, 0x00,
    0x7f, 0xff, 0xff, 0xff, 0xff, 0xff, 0x60, 0x00, 0x00, 0x7f, 0xff, 0xee, 0xee, 0xff, 0xff, 0xf6, 0x00, 0x00, 0x7f, 0xfc, 0x00, 0x00, 0x05, 0xef,
    0xff, 0x00, 0x00, 0x7f, 0xfc, 0x00, 0x00, 0x00, 0x3f, 0xff, 0x60, 0x00, 0x7f, 0xfc, 0x00, 0x00, 0x00, 0x0c, 0xff, 0x90, 0x00, 0x7f, 0xfc, 0x00,
    0x00, 0x00, 0x0a, 0xff, 0xa0, 0x00, 0x7f, 0xfc, 0x00, 0x00, 0x00, 0x0c, 0xff, 0x90, 0x00, 0x7f, 0xfc, 0x00, 0x00, 0x00, 0x3f, 0xff, 0x60, 0x00,
    0x7f, 0xfc, 0x00, 0x00, 0x05, 0xef, 0xff, 0x00, 0x00, 0x7f, 0xff, 0xee, 0xee, 0xff, 0xff, 0xf5, 0x00, 0x00, 0x7f, 0xff, 0xff, 0xff, 0xff, 0xff,
    0x60, 0x00, 0x00, 0x7f, 0xff, 0xff, 0xff, 0xec, 0x82, 0x00, 0x00, 0x00, 0x7f, 0xfc, 0x00, 0x00, 0x00, 0x00, 0x00, 0x00, 0x00, 0x7f, 0xfc, 0x00,
    0x00, 0x00, 0x00, 0x00, 0x00, 0x00, 0x7f, 0xfc, 0x00, 0x00, 0x00, 0x00, 0x00, 0x00, 0x00, 0x7f, 0xfc, 0x00, 0x00, 0x00, 0x00, 0x00, 0x00, 0x00,
    0x7f, 0xfc, 0x00, 0x00, 0x00, 0x00, 0x00, 0x00, 0x00, 0x7f, 0xfc, 0x00, 0x00, 0x00, 0x00, 0x00, 0x00, 0x00, 0x7f, 0xfc, 0x00, 0x00, 0x00, 0x00,
    0x00, 0x00, 0x00, 0x7f, 0xfc, 0x00, 0x00, 0x00, 0x00, 0x00, 0x00, 0x00, 0x7f, 0xfc, 0x00, 0x00, 0x00, 0x00, 0x00, 0x00, 0x00, 0x00, 0x03, 0xad,
    0xff, 0xd9, 0x30, 0x00, 0x00, 0x00, 0x00, 0x9f, 0xff, 0xff, 0xff, 0xf8, 0x00, 0x00, 0x00, 0x09, 0xff, 0xff, 0xff, 0xff, 0xff, 0x80, 0x00, 0x00,
    0x2f, 0xff, 0xc2, 0x00, 0x2c, 0xff, 0xf2, 0x00, 0x00, 0x8f, 0xfe, 0x10, 0x00, 0x01, 0xef, 0xf8, 0x00, 0x00, 0xbf, 0xf9, 0x00, 0x00, 0x00, 0x9f,
    0xfa, 0x00, 0x00, 0xcf, 0xf7, 0x00, 0x00, 0x00, 0x7f, 0xfc, 0x00, 0x00, 0xcf, 0xf7, 0x00, 0x00, 0x00, 0x7f, 0xfc, 0x00, 0x00, 0xcf, 0xf7, 0x00,
    0x00, 0x00, 0x7f, 0xfc, 0x00, 0x00, 0xcf, 0xf7, 0x00, 0x00, 0x00, 0x7f, 0xfc, 0x00, 0x00, 0xcf, 0xf7, 0x00, 0x00, 0x00, 0x7f, 0xfc, 0x00, 0x00,
    0xcf, 0xf7, 0x00, 0x00, 0x00, 0x7f, 0xfc, 0x00, 0x00, 0xcf, 0xf7, 0x00, 0x00, 0x00, 0x7f, 0xfc, 0x00, 0x00, 0xcf, 0xf7, 0x00, 0x00, 0x00, 0x7f,
    0xfc, 0x00, 0x00, 0xcf, 0xf7, 0x00, 0x00, 0x00, 0x7f, 0xfc, 0x00, 0x00, 0xcf, 0xf7, 0x00, 0x00, 0x00, 0x7f, 0xfc, 0x00, 0x00, 0xaf, 0xf9, 0x00,
    0x00, 0x00, 0x9f, 0xfa, 0x00, 0x00, 0x8f, 0xfe, 0x10, 0x00, 0x01, 0xef, 0xf8, 0x00, 0x00, 0x2f, 0xff, 0xc2, 0x00, 0x2c, 0xff, 0xf2, 0x00, 0x00,
    0x08, 0xff, 0xff, 0xff, 0xff, 0xff, 0x80, 0x00, 0x00, 0x00, 0x9f, 0xff, 0xff, 0xff, 0xf9, 0x00, 0x00, 0x00, 0x00, 0x03, 0x9d, 0xff, 0xff, 0xb0,
    0x00, 0x00, 0x00, 0x00, 0x00, 0x00, 0x05, 0xff, 0xf4, 0x00, 0x00, 0x00, 0x00, 0x00, 0x00, 0x00, 0xbf, 0xfd, 0x00, 0x00, 0x00, 0x00, 0x00, 0x00,
    0x00, 0x2f, 0xff, 0x70, 0x00, 0x00, 0x00, 0x00, 0x00, 0x00, 0x07, 0xff, 0xf2, 0x00, 0x00, 0x00, 0x00, 0x00, 0x00, 0x00, 0xdf, 0xfb, 0x00, 0x00,
    0x7f, 0xff, 0xff, 0xff, 0xeb, 0x50, 0x00, 0x00, 0x00, 0x7f, 0xff, 0xff, 0xff, 0xff, 0xfc, 0x20, 0x00, 0x00, 0x7f, 0xff, 0xee, 0xee, 0xff, 0xff,
    0xd1, 0x00, 0x00, 0x7f, 0xfc, 0x00, 0x00, 0x19, 0xff, 0xf9, 0x00, 0x00, 0x7f, 0xfc, 0x00, 0x00, 0x00, 0xaf, 0xff, 0x00, 0x00, 0x7f, 0xfc, 0x00,
    0x00, 0x00, 0x3f, 0xff, 0x20, 0x00, 0x7f, 0xfc, 0x00, 0x00, 0x00, 0x1f, 0xff, 0x30, 0x00, 0x7f, 0xfc, 0x00, 0x00, 0x00, 0x3f, 0xff, 0x20, 0x00,
    0x7f, 0xfc, 0x00, 0x00, 0x00, 0xaf, 0xfe, 0x00, 0x00, 0x7f, 0xfc, 0x00, 0x00, 0x2a, 0xff, 0xf8, 0x00, 0x00, 0x7f, 0xff, 0xff, 0xff, 0xff, 0xff,
    0xc0, 0x00, 0x00, 0x7f, 0xff, 0xff, 0xff, 0xff, 0xfc, 0x10, 0x00, 0x00, 0x7f, 0xff, 0xee, 0xef, 0xff, 0x60, 0x00, 0x00, 0x00, 0x7f, 0xfc, 0x00,
    0x0d, 0xff, 0x90, 0x00, 0x00, 0x00, 0x7f, 0xfc, 0x00, 0x05, 0xff, 0xf1, 0x00, 0x00, 0x00, 0x7f, 0xfc, 0x00, 0x00, 0xef, 0xf8, 0x00, 0x00, 0x00,
    0x7f, 0xfc, 0x00, 0x00, 0x7f, 0xff, 0x00, 0x00, 0x00, 0x7f, 0xfc, 0x00, 0x00, 0x1f, 0xff, 0x70, 0x00, 0x00, 0x7f, 0xfc, 0x00, 0x00, 0x09, 0xff,
    0xe0, 0x00, 0x00, 0x7f, 0xfc, 0x00, 0x00, 0x02, 0xff, 0xf6, 0x00, 0x00, 0x7f, 0xfc, 0x00, 0x00, 0x00, 0xbf, 0xfd, 0x00, 0x00, 0x7f, 0xfc, 0x00,
    0x00, 0x00, 0x3f, 0xff, 0x40, 0x00, 0x00, 0x03, 0x9d, 0xff, 0xd8, 0x20, 0x00, 0x00, 0x00, 0x00, 0x9f, 0xff, 0xff, 0xff, 0xf7, 0x00, 0x00, 0x00,
    0x08, 0xff, 0xff, 0xff, 0xff, 0xff, 0x60, 0x00, 0x00, 0x1f, 0xff, 0xb2, 0x00, 0x3d, 0xff, 0xe0, 0x00, 0x00, 0x6f, 0xfe, 0x00, 0x00, 0x01, 0xff,
    0xf4, 0x00, 0x00, 0x8f, 0xfa, 0x00, 0x00, 0x00, 0xad, 0xd5, 0x00, 0x00, 0x8f, 0xfa, 0x00, 0x00, 0x00, 0x00, 0x00, 0x00, 0x00, 0x5f, 0xff, 0x20,
    0x00, 0x00, 0x00, 0x00, 0x00, 0x00, 0x0e, 0xff, 0xe7, 0x20, 0x00, 0x00, 0x00, 0x00, 0x00, 0x04, 0xff, 0xff, 0xfe, 0x95, 0x00, 0x00, 0x00, 0x00,
    0x00, 0x3e, 0xff, 0xff, 0xff, 0xe5, 0x00, 0x00, 0x00, 0x00, 0x00, 0x5b, 0xff, 0xff, 0xff, 0x70, 0x00, 0x00, 0x00, 0x00, 0x00, 0x04, 0x8e, 0xff,
    0xf3, 0x00, 0x00, 0x00, 0x00, 0x00, 0x00, 0x01, 0xdf, 0xfa, 0x00, 0x00, 0x00, 0x00, 0x00, 0x00, 0x00, 0x5f, 0xfe, 0x00, 0x00, 0x55, 0x50, 0x00,
    0x00, 0x00, 0x2f, 0xff, 0x00, 0x00, 0xff, 0xf3, 0x00, 0x00, 0x00, 0x3f, 0xff, 0x00, 0x00, 0xcf, 0xf9, 0x00, 0x00, 0x00, 0x9f, 0xfd, 0x00, 0x00,
    0x7f, 0xff, 0xa2, 0x00, 0x19, 0xff, 0xf7, 0x00, 0x00, 0x0c, 0xff, 0xff, 0xfe, 0xff, 0xff, 0xd0, 0x00, 0x00, 0x01, 0xbf, 0xff, 0xff, 0xff, 0xfc,
    0x10, 0x00, 0x00, 0x00, 0x04, 0xad, 0xff, 0xda, 0x50, 0x00, 0x00, 0x07, 0xff, 0xff, 0xff, 0xff, 0xff, 0xff, 0xff, 0x80, 0x07, 0xff, 0xff, 0xff,
    0xff, 0xff, 0xff, 0xff, 0x80, 0x06, 0xee, 0xee, 0xef, 0xff, 0xfe, 0xee, 0xee, 0x70, 0x00, 0x00, 0x00, 0x0a, 0xff, 0xa0, 0x00, 0x00, 0x00, 0x00,
    0x00, 0x00, 0x0a, 0xff, 0xa0, 0x00, 0x00, 0x00, 0x00, 0x00, 0x00, 0x0a, 0xff, 0xa0, 0x00, 0x00, 0x00, 0x00, 0x00, 0x00, 0x0a, 0xff, 0xa0, 0x00,
    0x00, 0x00, 0x00, 0x00, 0x00, 0x0a, 0xff, 0xa0, 0x00, 0x00, 0x00, 0x00, 0x00, 0x00, 0x0a, 0xff, 0xa0, 0x00, 0x00, 0x00, 0x00, 0x00, 0x00, 0x0a,
    0xff, 0xa0, 0x00, 0x00, 0x00, 0x00, 0x00, 0x00, 0x0a, 0xff, 0xa0, 0x00, 0x00, 0x00, 0x00, 0x00, 0x00, 0x0a, 0xff, 0xa0, 0x00, 0x00, 0x00, 0x00,
    0x00, 0x00, 0x0a, 0xff, 0xa0, 0x00, 0x00, 0x00, 0x00, 0x00, 0x00, 0x0a, 0xff, 0xa0, 0x00, 0x00, 0x00, 0x00, 0x00, 0x00, 0x0a, 0xff, 0xa0, 0x00,
    0x00, 0x00, 0x00, 0x00, 0x00, 0x0a, 0xff, 0xa0, 0x00, 0x00, 0x00, 0x00, 0x00, 0x00, 0x0a, 0xff, 0xa0, 0x00, 0x00, 0x00, 0x00, 0x00, 0x00, 0x0a,
    0xff, 0xa0, 0x00, 0x00, 0x00, 0x00, 0x00, 0x00, 0x0a, 0xff, 0xa0, 0x00, 0x00, 0x00, 0x00, 0x00, 0x00, 0x0a, 0xff, 0xa0, 0x00, 0x00, 0x00, 0x00,
    0x00, 0x00, 0x0a, 0xff, 0xa0, 0x00, 0x00, 0x00, 0x00, 0x00, 0x00, 0x0a, 0xff, 0xa0, 0x00, 0x00, 0x00, 0x00, 0x9f, 0xfa, 0x00, 0x00, 0x00, 0xaf,
    0xf9, 0x00, 0x00, 0x9f, 0xfa, 0x00, 0x00, 0x00, 0xaf, 0xf9, 0x00, 0x00, 0x9f, 0xfa, 0x00, 0x00, 0x00, 0xaf, 0xf9, 0x00, 0x00, 0x9f, 0xfa, 0x00,
    0x00, 0x00, 0xaf, 0xf9, 0x00, 0x00, 0x9f, 0xfa, 0x00, 0x00, 0x00, 0xaf, 0xf9, 0x00, 0x00, 0x9f, 0xfa, 0x00, 0x00, 0x00, 0xaf, 0xf9, 0x00, 0x00,
    0x9f, 0xfa, 0x00, 0x00, 0x00, 0xaf, 0xf9, 0x00, 0x00, 0x9f, 0xfa, 0x00, 0x00, 0x00, 0xaf, 0xf9, 0x00, 0x00, 0x9f, 0xfa, 0x00, 0x00, 0x00, 0xaf,
    0xf9, 0x00, 0x00, 0x9f, 0xfa, 0x00, 0x00, 0x00, 0xaf, 0xf9, 0x00, 0x00, 0x9f, 0xfa, 0x00, 0x00, 0x00, 0xaf, 0xf9, 0x00, 0x00, 0x9f, 0xfa, 0x00,
    0x00, 0x00, 0xaf, 0xf9, 0x00, 0x00, 0x9f, 0xfa, 0x00, 0x00, 0x00, 0xaf, 0xf9, 0x00, 0x00, 0x9f, 0xfa, 0x00, 0x00, 0x00, 0xaf, 0xf9, 0x00, 0x00,
    0x9f, 0xfa, 0x00, 0x00, 0x00, 0xaf, 0xf9, 0x00, 0x00, 0x8f, 0xfa, 0x00, 0x00, 0x00, 0xaf, 0xf8, 0x00, 0x00, 0x8f, 0xfc, 0x00, 0x00, 0x00, 0xcf,
    0xf7, 0x00, 0x00, 0x5f, 0xff, 0x20, 0x00, 0x02, 0xff, 0xf5, 0x00, 0x00, 0x1f, 0xff, 0xc3, 0x00, 0x3d, 0xff, 0xf1, 0x00, 0x00, 0x07, 0xff, 0xff,
    0xff, 0xff, 0xff, 0x70, 0x00, 0x00, 0x00, 0x9f, 0xff, 0xff, 0xff, 0xf9, 0x00, 0x00, 0x00, 0x00, 0x03, 0xad, 0xff, 0xda, 0x30, 0x00, 0x00, 0x09,
    0xff, 0xb0, 0x00, 0x00, 0x00, 0x0b, 0xff, 0x90, 0x05, 0xff, 0xf0, 0x00, 0x00, 0x00, 0x0e, 0xff, 0x50, 0x01, 0xff, 0xf3, 0x00, 0x00, 0x00, 0x2f,
    0xff, 0x10, 0x00, 0xdf, 0xf6, 0x00, 0x00, 0x00, 0x6f, 0xfd, 0x00, 0x00, 0x9f, 0xfa, 0x00, 0x00, 0x00, 0xaf, 0xf9, 0x00, 0x00, 0x5f, 0xfe, 0x00,
    0x00, 0x00, 0xdf, 0xf5, 0x00, 0x00, 0x1f, 0xff, 0x20, 0x00, 0x01, 0xff, 0xf1, 0x00, 0x00, 0x0d, 0xff, 0x60, 0x00, 0x05, 0xff, 0xd0, 0x00, 0x00,
    0x09, 0xff, 0xa0, 0x00, 0x09, 0xff, 0x90, 0x00, 0x00, 0x04, 0xff, 0xe0, 0x00, 0x0c, 0xff, 0x50, 0x00, 0x00, 0x01, 0xff, 0xf1, 0x00, 0x0f, 0xff,
    0x10, 0x00, 0x00, 0x00, 0xcf, 0xf5, 0x00, 0x4f, 0xfd, 0x00, 0x00, 0x00, 0x00, 0x8f, 0xf9, 0x00, 0x7f, 0xf9, 0x00, 0x00, 0x00, 0x00, 0x4f, 0xfd,
    0x00, 0xbf, 0xf4, 0x00, 0x00, 0x00, 0x00, 0x0f, 0xff, 0x10, 0xff, 0xf1, 0x00, 0x00, 0x00, 0x00, 0x0c, 0xff, 0x42, 0xff, 0xc0, 0x00, 0x00, 0x00,
    0x00, 0x08, 0xff, 0x86, 0xff, 0x80, 0x00, 0x00, 0x00, 0x00, 0x04, 0xff, 0xb9, 0xff, 0x40, 0x00, 0x00, 0x00, 0x00, 0x00, 0xff, 0xec, 0xff, 0x00,
    0x00, 0x00, 0x00, 0x00, 0x00, 0xcf, 0xff, 0xfc, 0x00, 0x00, 0x00, 0x00, 0x00, 0x00, 0x8f, 0xff, 0xf8, 0x00, 0x00, 0x00, 0x00, 0x00, 0x00, 0x4f,
    0xff, 0xf4, 0x00, 0x00, 0x00, 0x6f, 0xf5, 0x00, 0x08, 0xff, 0xa0, 0x00, 0x4f, 0xf6, 0x5f, 0xf7, 0x00, 0x0a, 0xff, 0xc0, 0x00, 0x6f, 0xf4, 0x3f,
    0xf9, 0x00, 0x0c, 0xff, 0xe0, 0x00, 0x7f, 0xf3, 0x1f, 0xfa, 0x00, 0x0e, 0xee, 0xf0, 0x00, 0x9f, 0xf1, 0x0f, 0xfc, 0x00, 0x0f, 0xdc, 0xf2, 0x00,
    0xaf, 0xf0, 0x0e, 0xfd, 0x00, 0x2f, 0xcb, 0xf4, 0x00, 0xcf, 0xd0, 0x0c, 0xff, 0x00, 0x4f, 0xa9, 0xf5, 0x00, 0xef, 0xb0, 0x0a, 0xff, 0x00, 0x7f,
    0x87, 0xf7, 0x00, 0xff, 0xa0, 0x08, 0xff, 0x20, 0x9f, 0x65, 0xf9, 0x01, 0xff, 0x80, 0x07, 0xff, 0x30, 0xbf, 0x44, 0xfb, 0x02, 0xff, 0x60, 0x05,
    0xff, 0x50, 0xdf, 0x22, 0xfd, 0x04, 0xff, 0x40, 0x03, 0xff, 0x70, 0xff, 0x00, 0xff, 0x05, 0xff, 0x20, 0x01, 0xff, 0x81, 0xfe, 0x00, 0xef, 0x17,
    0xff, 0x00, 0x00, 0xff, 0xa3, 0xfc, 0x00, 0xcf, 0x39, 0xff, 0x00, 0x00, 0xef, 0xb5, 0xfa, 0x00, 0xaf, 0x5a, 0xfd, 0x00, 0x00, 0xcf, 0xd7, 0xf8,
    0x00, 0x9f, 0x7c, 0xfb, 0x00, 0x00, 0xaf, 0xe9, 0xf6, 0x00, 0x7f, 0x8d, 0xf9, 0x00, 0x00, 0x8f, 0xfa, 0xf4, 0x00, 0x5f, 0xaf, 0xf7, 0x00, 0x00,
    0x7f, 0xfc, 0xf2, 0x00, 0x3f, 0xcf, 0xf5, 0x00, 0x00, 0x5f, 0xff, 0xf0, 0x00, 0x1f, 0xff, 0xf4, 0x00, 0x00, 0x3f, 0xff, 0xe0, 0x00, 0x0f, 0xff,
    0xf2, 0x00, 0x00, 0x1f, 0xff, 0xc0, 0x00, 0x0d, 0xff, 0xf0, 0x00, 0x05, 0xff, 0xf4, 0x00, 0x00, 0x00, 0x2f, 0xff, 0x50, 0x00, 0xdf, 0xfc, 0x00,
    0x00, 0x00, 0xaf, 0xfc, 0x00, 0x00, 0x4f, 0xff, 0x40, 0x00, 0x02, 0xff, 0xf4, 0x00, 0x00, 0x0c, 0xff, 0xc0, 0x00, 0x0b, 0xff, 0xb0, 0x00, 0x00,
    0x03, 0xff, 0xf4, 0x00, 0x3f, 0xff, 0x30, 0x00, 0x00, 0x00, 0xaf, 0xfc, 0x00, 0xbf, 0xfa, 0x00, 0x00, 0x00, 0x00, 0x2f, 0xff, 0x43, 0xff, 0xf2,
    0x00, 0x00, 0x00, 0x00, 0x09, 0xff, 0xca, 0xff, 0x90, 0x00, 0x00, 0x00, 0x00, 0x01, 0xff, 0xff, 0xff, 0x10, 0x00, 0x00, 0x00, 0x00, 0x00, 0x8f,
    0xff, 0xf7, 0x00, 0x00, 0x00, 0x00, 0x00, 0x00, 0x1f, 0xff, 0xe0, 0x00, 0x00, 0x00, 0x00, 0x00, 0x00, 0x2f, 0xff, 0xf3, 0x00, 0x00, 0x00, 0x00,
    0x00, 0x00, 0xbf, 0xff, 0xfc, 0x00, 0x00, 0x00, 0x00, 0x00, 0x04, 0xff, 0xef, 0xff, 0x40, 0x00, 0x00, 0x00, 0x00, 0x0c, 0xff, 0x79, 0xff, 0xd0,
    0x00, 0x00, 0x00, 0x00, 0x5f, 0xff, 0x11, 0xff, 0xf6, 0x00, 0x00, 0x00, 0x00, 0xef, 0xf7, 0x00, 0x9f, 0xfe, 0x00, 0x00, 0x00, 0x07, 0xff, 0xe0,
    0x00, 0x1f, 0xff, 0x80, 0x00, 0x00, 0x1f, 0xff, 0x60, 0x00, 0x08, 0xff, 0xf1, 0x00, 0x00, 0x9f, 0xfd, 0x00, 0x00, 0x01, 0xef, 0xf9, 0x00, 0x02,
    0xff, 0xf5, 0x00, 0x00, 0x00, 0x7f, 0xff, 0x20, 0x0b, 0xff, 0xd0, 0x00, 0x00, 0x00, 0x0e, 0xff, 0xb0, 0x0e, 0xff, 0x80, 0x00, 0x00, 0x00, 0x07,
    0xff, 0xd0, 0x06, 0xff, 0xe0, 0x00, 0x00, 0x00, 0x0e, 0xff, 0x60, 0x00, 0xef, 0xf6, 0x00, 0x00, 0x00, 0x5f, 0xfe, 0x00, 0x00, 0x7f, 0xfd, 0x00,
    0x00, 0x00, 0xcf, 0xf7, 0x00, 0x00, 0x1f, 0xff, 0x50, 0x00, 0x04, 0xff, 0xf1, 0x00, 0x00, 0x09, 0xff, 0xc0, 0x00, 0x0b, 0xff, 0x90, 0x00, 0x00,
    0x01, 0xff, 0xf3, 0x00, 0x2f, 0xff, 0x10, 0x00, 0x00, 0x00, 0xaf, 0xfb, 0x00, 0x9f, 0xfa, 0x00, 0x00, 0x00, 0x00, 0x2f, 0xff, 0x21, 0xff, 0xf2,
    0x00, 0x00, 0x00, 0x00, 0x0b, 0xff, 0x87, 0xff, 0xb0, 0x00, 0x00, 0x00, 0x00, 0x03, 0xff, 0xec, 0xff, 0x30, 0x00, 0x00, 0x00, 0x00, 0x00, 0xcf,
    0xff, 0xfc, 0x00, 0x00, 0x00, 0x00, 0x00, 0x00, 0x4f, 0xff, 0xf4, 0x00, 0x00, 0x00, 0x00, 0x00, 0x00, 0x0d, 0xff, 0xd0, 0x00, 0x00, 0x00, 0x00,
    0x00, 0x00, 0x0a, 0xff, 0xa0, 0x00, 0x00, 0x00, 0x00, 0x00, 0x00, 0x0a, 0xff, 0xa0, 0x00, 0x00, 0x00, 0x00, 0x00, 0x00, 0x0a, 0xff, 0xa0, 0x00,
    0x00, 0x00, 0x00, 0x00, 0x00, 0x0a, 0xff, 0xa0, 0x00, 0x00, 0x00, 0x00, 0x00, 0x00, 0x0a, 0xff, 0xa0, 0x00, 0x00, 0x00, 0x00, 0x00, 0x00, 0x0a,
    0xff, 0xa0, 0x00, 0x00, 0x00, 0x00, 0x00, 0x00, 0x0a, 0xff, 0xa0, 0x00, 0x00, 0x00, 0x00, 0x00, 0x00, 0x0a, 0xff, 0xa0, 0x00, 0x00, 0x00, 0x00,
    0x5f, 0xff, 0xff, 0xff, 0xff, 0xff, 0xf3, 0x00, 0x00, 0x5f, 0xff, 0xff, 0xff, 0xff, 0xff, 0xf3, 0x00, 0x00, 0x5e, 0xee, 0xee, 0xee, 0xee, 0xff,
    0xf3, 0x00, 0x00, 0x00, 0x00, 0x00, 0x00, 0x09, 0xff, 0xe0, 0x00, 0x00, 0x00, 0x00, 0x00, 0x00, 0x2f, 0xff, 0x60, 0x00, 0x00, 0x00, 0x00, 0x00,
    0x00, 0xbf, 0xfc, 0x00, 0x00, 0x00, 0x00, 0x00, 0x00, 0x05, 0xff, 0xf3, 0x00, 0x00, 0x00, 0x00, 0x00, 0x00, 0x0d, 0xff, 0xa0, 0x00, 0x00, 0x00,
    0x00, 0x00, 0x00, 0x7f, 0xff, 0x10, 0x00, 0x00, 0x00, 0x00, 0x00, 0x01, 0xff, 0xf7, 0x00, 0x00, 0x00, 0x00, 0x00, 0x00, 0x0a, 0xff, 0xe0, 0x00,
    0x00, 0x00, 0x00, 0x00, 0x00, 0x3f, 0xff, 0x50, 0x00, 0x00, 0x00, 0x00, 0x00, 0x00, 0xcf, 0xfc, 0x00, 0x00, 0x00, 0x00, 0x00, 0x00, 0x06, 0xff,
    0xf2, 0x00, 0x00, 0x00, 0x00, 0x00, 0x00, 0x0e, 0xff, 0x90, 0x00, 0x00, 0x00, 0x00, 0x00, 0x00, 0x8f, 0xfe, 0x10, 0x00, 0x00, 0x00, 0x00, 0x00,
    0x02, 0xff, 0xf6, 0x00, 0x00, 0x00, 0x00, 0x00, 0x00, 0x0b, 0xff, 0xd0, 0x00, 0x00, 0x00, 0x00, 0x00, 0x00, 0x4f, 0xff, 0x40, 0x00, 0x00, 0x00,
    0x00, 0x00, 0x00, 0x8f, 0xff, 0xee, 0xee, 0xee, 0xee, 0xe7, 0x00, 0x00, 0x8f, 0xff, 0xff, 0xff, 0xff, 0xff, 0xf8, 0x00, 0x00, 0x8f, 0xff, 0xff,
    0xff, 0xff, 0xff, 0xf8, 0x00, 0x00, 0x00, 0x02, 0xee, 0xee, 0xee, 0xea, 0x00, 0x00, 0x00, 0x00, 0x02, 0xff, 0xff, 0xff, 0xfb, 0x00, 0x00, 0x00,
    0x00, 0x02, 0xff, 0xff, 0xff, 0xfb, 0x00, 0x00, 0x00, 0x00, 0x02, 0xff, 0xf1, 0x00, 0x00, 0x00, 0x00, 0x00, 0x00, 0x02, 0xff, 0xf1, 0x00, 0x00,
    0x00, 0x00, 0x00, 0x00, 0x02, 0xff, 0xf1, 0x00, 0x00, 0x00, 0x00, 0x00, 0x00, 0x02, 0xff, 0xf1, 0x00, 0x00, 0x00, 0x00, 0x00, 0x00, 0x02, 0xff,
    0xf1, 0x00, 0x00, 0x00, 0x00, 0x00, 0x00, 0x02, 0xff, 0xf1, 0x00, 0x00, 0x00, 0x00, 0x00, 0x00, 0x02, 0xff, 0xf1, 0x00, 0x00, 0x00, 0x00, 0x00,
    0x00, 0x02, 0xff, 0xf1, 0x00, 0x00, 0x00, 0x00, 0x00, 0x00, 0x02, 0xff, 0xf1, 0x00, 0x00, 0x00, 0x00, 0x00, 0x00, 0x02, 0xff, 0xf1, 0x00, 0x00,
    0x00, 0x00, 0x00, 0x00, 0x02, 0xff, 0xf1, 0x00, 0x00, 0x00, 0x00, 0x00, 0x00, 0x02, 0xff, 0xf1, 0x00, 0x00, 0x00, 0x00, 0x00, 0x00, 0x02, 0xff,
    0xf1, 0x00, 0x00, 0x00, 0x00, 0x00, 0x00, 0x02, 0xff, 0xf1, 0x00, 0x00, 0x00, 0x00, 0x00, 0x00, 0x02, 0xff, 0xf1, 0x00, 0x00, 0x00, 0x00, 0x00,
    0x00, 0x02, 0xff, 0xf1, 0x00, 0x00, 0x00, 0x00, 0x00, 0x00, 0x02, 0xff, 0xf1, 0x00, 0x00, 0x00, 0x00, 0x00, 0x00, 0x02, 0xff, 0xf1, 0x00, 0x00,
    0x00, 0x00, 0x00, 0x00, 0x02, 0xff, 0xf1, 0x00, 0x00, 0x00, 0x00, 0x00, 0x00, 0x02, 0xff, 0xf1, 0x00, 0x00, 0x00, 0x00, 0x00, 0x00, 0x02, 0xff,
    0xf1, 0x00, 0x00, 0x00, 0x00, 0x00, 0x00, 0x02, 0xff, 0xf1, 0x00, 0x00, 0x00, 0x00, 0x00, 0x00, 0x02, 0xff, 0xf1, 0x00, 0x00, 0x00, 0x00, 0x00,
    0x00, 0x02, 0xff, 0xfe, 0xee, 0xea, 0x00, 0x00, 0x00, 0x00, 0x02, 0xff, 0xff, 0xff, 0xfb, 0x00, 0x00, 0x00, 0x00, 0x02, 0xff, 0xff, 0xff, 0xfb,
    0x00, 0x00, 0x00, 0x78, 0x83, 0x00, 0x00, 0x00, 0x00, 0x00, 0x00, 0x00, 0x9f, 0xfc, 0x00, 0x00, 0x00, 0x00, 0x00, 0x00, 0x00, 0x3f, 0xff, 0x20,
    0x00, 0x00, 0x00, 0x00, 0x00, 0x00, 0x0d, 0xff, 0x80, 0x00, 0x00, 0x00, 0x00, 0x00, 0x00, 0x08, 0xff, 0xe0, 0x00, 0x00, 0x00, 0x00, 0x00, 0x00,
    0x02, 0xff, 0xf4, 0x00, 0x00, 0x00, 0x00, 0x00, 0x00, 0x00, 0xcf, 0xfa, 0x00, 0x00, 0x00, 0x00, 0x00, 0x00, 0x00, 0x6f, 0xff, 0x00, 0x00, 0x00,
    0x00, 0x00, 0x00, 0x00, 0x0f, 0xff, 0x50, 0x00, 0x00, 0x00, 0x00, 0x00, 0x00, 0x0a, 0xff, 0xb0, 0x00, 0x00, 0x00, 0x00, 0x00, 0x00, 0x04, 0xff,
    0xf1, 0x00, 0x00, 0x00, 0x00, 0x00, 0x00, 0x00, 0xef, 0xf7, 0x00, 0x00, 0x00, 0x00, 0x00, 0x00, 0x00, 0x8f, 0xfd, 0x00, 0x00, 0x00, 0x00, 0x00,
    0x00, 0x00, 0x2f, 0xff, 0x30, 0x00, 0x00, 0x00, 0x00, 0x00, 0x00, 0x0c, 0xff, 0x90, 0x00, 0x00, 0x00, 0x00, 0x00, 0x00, 0x06, 0xff, 0xe0, 0x00,
    0x00, 0x00, 0x00, 0x00, 0x00, 0x01, 0xff, 0xf5, 0x00, 0x00, 0x00, 0x00, 0x00, 0x00, 0x00, 0xbf, 0xfb, 0x00, 0x00, 0x00, 0x00, 0x00, 0x00, 0x00,
    0x5f, 0xff, 0x10, 0x00, 0x00, 0x00, 0x00, 0x00, 0x00, 0x0e, 0xff, 0x60, 0x00, 0x00, 0x00, 0x00, 0x00, 0x00, 0x09, 0xff, 0xc0, 0x00, 0x00, 0x00,
    0x00, 0x00, 0x00, 0x03, 0xff, 0xf2, 0x00, 0x00, 0x00, 0x00, 0x00, 0x00, 0x00, 0xdf, 0xf8, 0x00, 0x00, 0x00, 0x00, 0x00, 0x00, 0x00, 0x7f, 0xfe,
    0x00, 0x00, 0x00, 0x00, 0x00, 0x00, 0x00, 0x1f, 0xff, 0x40, 0x00, 0x00, 0x00, 0x00, 0x00, 0x00, 0x0b, 0xff, 0xa0, 0x00, 0x00, 0x00, 0x00, 0x00,
    0x00, 0x05, 0xff, 0xf0, 0x00, 0x00, 0x00, 0x00, 0x00, 0x00, 0x00, 0xff, 0xf6, 0x00, 0x00, 0x00, 0x00, 0x00, 0x00, 0x00, 0x9f, 0xfc, 0x00, 0x00,
    0x00, 0x9e, 0xee, 0xee, 0xee, 0x20, 0x00, 0x00, 0x00, 0x00, 0xbf, 0xff, 0xff, 0xff, 0x30, 0x00, 0x00, 0x00, 0x00, 0xbf, 0xff, 0xff, 0xff, 0x30,
    0x00, 0x00, 0x00, 0x00, 0x00, 0x00, 0x1f, 0xff, 0x30, 0x00, 0x00, 0x00, 0x00, 0x00, 0x00, 0x1f, 0xff, 0x30, 0x00, 0x00, 0x00, 0x00, 0x00, 0x00,
    0x1f, 0xff, 0x30, 0x00, 0x00, 0x00, 0x00, 0x00, 0x00, 0x1f, 0xff, 0x30, 0x00, 0x00, 0x00, 0x00, 0x00, 0x00, 0x1f, 0xff, 0x30, 0x00, 0x00, 0x00,
    0x00, 0x00, 0x00, 0x1f, 0xff, 0x30, 0x00, 0x00, 0x00, 0x00, 0x00, 0x00, 0x1f, 0xff, 0x30, 0x00, 0x00, 0x00, 0x00, 0x00, 0x00, 0x1f, 0xff, 0x30,
    0x00, 0x00, 0x00, 0x00, 0x00, 0x00, 0x1f, 0xff, 0x30, 0x00, 0x00, 0x00, 0x00, 0x00, 0x00, 0x1f, 0xff, 0x30, 0x00, 0x00, 0x00, 0x00, 0x00, 0x00,
    0x1f, 0xff, 0x30, 0x00, 0x00, 0x00, 0x00, 0x00, 0x00, 0x1f, 0xff, 0x30, 0x00, 0x00, 0x00, 0x00, 0x00, 0x00, 0x1f, 0xff, 0x30, 0x00, 0x00, 0x00,
    0x00, 0x00, 0x00, 0x1f, 0xff, 0x30, 0x00, 0x00, 0x00, 0x00, 0x00, 0x00, 0x1f, 0xff, 0x30, 0x00, 0x00, 0x00, 0x00, 0x00, 0x00, 0x1f, 0xff, 0x30,
    0x00, 0x00, 0x00, 0x00, 0x00, 0x00, 0x1f, 0xff, 0x30, 0x00, 0x00, 0x00, 0x00, 0x00, 0x00, 0x1f, 0xff, 0x30, 0x00, 0x00, 0x00, 0x00, 0x00, 0x00,
    0x1f, 0xff, 0x30, 0x00, 0x00, 0x00, 0x00, 0x00, 0x00, 0x1f, 0xff, 0x30, 0x00, 0x00, 0x00, 0x00, 0x00, 0x00, 0x1f, 0xff, 0x30, 0x00, 0x00, 0x00,
    0x00, 0x00, 0x00, 0x1f, 0xff, 0x30, 0x00, 0x00, 0x00, 0x00, 0x00, 0x00, 0x1f, 0xff, 0x30, 0x00, 0x00, 0x00, 0x00, 0x9e, 0xee, 0xef, 0xff, 0x30,
    0x00, 0x00, 0x00, 0x00, 0xbf, 0xff, 0xff, 0xff, 0x30, 0x00, 0x00, 0x00, 0x00, 0xbf, 0xff, 0xff, 0xff, 0x30, 0x00, 0x00, 0x00, 0x00, 0x00, 0x0b,
    0xff, 0xc0, 0x00, 0x00, 0x00, 0x00, 0x00, 0x00, 0x2f, 0xff, 0xf3, 0x00, 0x00, 0x00, 0x00, 0x00, 0x00, 0x9f, 0xff, 0xfa, 0x00, 0x00, 0x00, 0x00,
    0x00, 0x01, 0xff, 0xba, 0xff, 0x10, 0x00, 0x00, 0x00, 0x00, 0x07, 0xff, 0x54, 0xff, 0x80, 0x00, 0x00, 0x00, 0x00, 0x0e, 0xfe, 0x00, 0xdf, 0xe0,
    0x00, 0x00, 0x00, 0x00, 0x5f, 0xf8, 0x00, 0x7f, 0xf6, 0x00, 0x00, 0x00, 0x00, 0xcf, 0xf1, 0x00, 0x1f, 0xfd, 0x00, 0x00, 0x00, 0x03, 0xff, 0xa0,
    0x00, 0x0a, 0xff, 0x40, 0x00, 0x00, 0x0a, 0xff, 0x30, 0x00, 0x03, 0xff, 0xb0, 0x00, 0x00, 0x2f, 0xfd, 0x00, 0x00, 0x00, 0xcf, 0xf2, 0x00, 0x00,
    0x9f, 0xf6, 0x00, 0x00, 0x00, 0x6f, 0xf9, 0x00, 0x00, 0x00, 0x00, 0x00, 0x00, 0x00, 0x00, 0x00, 0x00, 0x00, 0x00, 0x00, 0x00, 0x00, 0x00, 0x00,
    0x00, 0x00, 0x00, 0x00, 0x00, 0x00, 0x00, 0x00, 0x00, 0x00, 0x00, 0x00, 0x00, 0x00, 0x00, 0x00, 0x00, 0x00, 0x00, 0x00, 0x00, 0x00, 0x00, 0x00,
    0x00, 0x00, 0x00, 0x00, 0x00, 0x00, 0x00, 0x00, 0x00, 0x00, 0x00, 0x00, 0x00, 0x00, 0x00, 0x00, 0x00, 0x00, 0x00, 0x00, 0x00, 0x00, 0x00, 0x00,
    0x00, 0x00, 0x00, 0x00, 0x00, 0x00, 0x00, 0x00, 0x00, 0x00, 0x00, 0x00, 0x00, 0x00, 0x00, 0x00, 0x00, 0x00, 0x00, 0x00, 0x00, 0x00, 0x00, 0x00,
    0x00, 0x00, 0x00, 0x00, 0x00, 0x00, 0x00, 0x00, 0x00, 0x00, 0x00, 0x02, 0xee, 0xee, 0xee, 0xee, 0xee, 0xee, 0xee, 0x20, 0x03, 0xff, 0xff, 0xff,
    0xff, 0xff, 0xff, 0xff, 0x30, 0x03, 0xff, 0xff, 0xff, 0xff, 0xff, 0xff, 0xff, 0x30, 0x00, 0x00, 0x1e, 0xff, 0x80, 0x00, 0x00, 0x00, 0x00, 0x00,
    0x00, 0x02, 0xff, 0xf5, 0x00, 0x00, 0x00, 0x00, 0x00, 0x00, 0x00, 0x4f, 0xff, 0x30, 0x00, 0x00, 0x00, 0x00, 0x00, 0x00, 0x06, 0xff, 0xe1, 0x00,
    0x00, 0x00, 0x00, 0x00, 0x00, 0x00, 0x00, 0x00, 0x00, 0x00, 0x00, 0x00, 0x00, 0x00, 0x00, 0x00, 0x00, 0x00, 0x00, 0x00, 0x00, 0x00, 0x00, 0x00,
    0x00, 0x00, 0x00, 0x00, 0x00, 0x00, 0x00, 0x00, 0x00, 0x00, 0x00, 0x00, 0x00, 0x00, 0x00, 0x00, 0x00, 0x00, 0x00, 0x00, 0x00, 0x00, 0x00, 0x00,
    0x00, 0x00, 0x00, 0x00, 0x00, 0x00, 0x00, 0x00, 0x00, 0x00, 0x00, 0x00, 0x00, 0x00, 0x00, 0x00, 0x00, 0x00, 0x00, 0x00, 0x00, 0x00, 0x00, 0x00,
    0x00, 0x00, 0x00, 0x00, 0x00, 0x00, 0x00, 0x00, 0x00, 0x00, 0x00, 0x00, 0x00, 0x00, 0x00, 0x00, 0x00, 0x00, 0x00, 0x00, 0x00, 0x00, 0x00, 0x00,
    0x00, 0x00, 0x00, 0x00, 0x00, 0x00, 0x00, 0x00, 0x00, 0x00, 0x00, 0x00, 0x00, 0x00, 0x00, 0x00, 0x00, 0x00, 0x00, 0x00, 0x00, 0x00, 0x00, 0x00,
    0x00, 0x00, 0x00, 0x00, 0x00, 0x00, 0x00, 0x00, 0x00, 0x00, 0x00, 0x00, 0x00, 0x00, 0x00, 0x00, 0x00, 0x00, 0x00, 0x00, 0x00, 0x00, 0x00, 0x00,
    0x00, 0x00, 0x00, 0x00, 0x00, 0x00, 0x00, 0x00, 0x00, 0x00, 0x00, 0x00, 0x00, 0x00, 0x00, 0x00, 0x00, 0x00, 0x00, 0x00, 0x00, 0x00, 0x00, 0x00,
    0x00, 0x00, 0x00, 0x00, 0x00, 0x00, 0x00, 0x00, 0x00, 0x00, 0x00, 0x00, 0x00, 0x00, 0x00, 0x00, 0x04, 0xad, 0xff, 0xea, 0x50, 0x00, 0x00, 0x00,
    0x00, 0xbf, 0xff, 0xff, 0xff, 0xfb, 0x00, 0x00, 0x00, 0x0a, 0xff, 0xff, 0xee, 0xff, 0xff, 0xa0, 0x00, 0x00, 0x2f, 0xff, 0x71, 0x00, 0x19, 0xff,
    0xf2, 0x00, 0x00, 0x27, 0x76, 0x00, 0x00, 0x00, 0xef, 0xf6, 0x00, 0x00, 0x00, 0x00, 0x00, 0x00, 0x00, 0xcf, 0xf7, 0x00, 0x00, 0x00, 0x28, 0xcd,
    0xee, 0xee, 0xff, 0xf7, 0x00, 0x00, 0x06, 0xff, 0xff, 0xff, 0xff, 0xff, 0xf7, 0x00, 0x00, 0x4f, 0xff, 0xff, 0xff, 0xff, 0xff, 0xf7, 0x00, 0x00,
    0xcf, 0xfe, 0x51, 0x00, 0x00, 0xcf, 0xf7, 0x00, 0x00, 0xff, 0xf5, 0x00, 0x00, 0x00, 0xcf, 0xf7, 0x00, 0x01, 0xff, 0xf2, 0x00, 0x00, 0x00, 0xdf,
    0xf7, 0x00, 0x01, 0xff, 0xf5, 0x00, 0x00, 0x02, 0xff, 0xf7, 0x00, 0x00, 0xdf, 0xfe, 0x40, 0x00, 0x6e, 0xff, 0xf7, 0x00, 0x00, 0x6f, 0xff, 0xff,
    0xef, 0xfe, 0xbf, 0xf7, 0x00, 0x00, 0x09, 0xff, 0xff, 0xff, 0xf5, 0xbf, 0xf7, 0x00, 0x00, 0x00, 0x5b, 0xef, 0xda, 0x30, 0xbf, 0xf7, 0x00, 0x00,
    0x7f, 0xfc, 0x00, 0x00, 0x00, 0x00, 0x00, 0x00, 0x00, 0x7f, 0xfc, 0x00, 0x00, 0x00, 0x00, 0x00, 0x00, 0x00, 0x7f, 0xfc, 0x00, 0x00, 0x00, 0x00,
    0x00, 0x00, 0x00, 0x7f, 0xfc, 0x00, 0x00, 0x00, 0x00, 0x00, 0x00, 0x00, 0x7f, 0xfc, 0x00, 0x00, 0x00, 0x00, 0x00, 0x00, 0x00, 0x7f, 0xfb, 0x03,
    0xae, 0xfd, 0x80, 0x00, 0x00, 0x00, 0x7f, 0xfb, 0x4f, 0xff, 0xff, 0xfd, 0x10, 0x00, 0x00, 0x7f, 0xfb, 0xef, 0xfe, 0xff, 0xff, 0xb0, 0x00, 0x00,
    0x7f, 0xff, 0xe4, 0x00, 0x2b, 0xff, 0xf2, 0x00, 0x00, 0x7f, 0xff, 0x30, 0x00, 0x01, 0xef, 0xf7, 0x00, 0x00, 0x7f, 0xfe, 0x00, 0x00, 0x00, 0xbf,
    0xf9, 0x00, 0x00, 0x7f, 0xfc, 0x00, 0x00, 0x00, 0x9f, 0xf9, 0x00, 0x00, 0x7f, 0xfc, 0x00, 0x00, 0x00, 0x9f, 0xfa, 0x00, 0x00, 0x7f, 0xfc, 0x00,
    0x00, 0x00, 0x9f, 0xfa, 0x00, 0x00, 0x7f, 0xfc, 0x00, 0x00, 0x00, 0x9f, 0xfa, 0x00, 0x00, 0x7f, 0xfc, 0x00, 0x00, 0x00, 0x9f, 0xf9, 0x00, 0x00,
    0x7f, 0xfe, 0x00, 0x00, 0x00, 0xbf, 0xf9, 0x00, 0x00, 0x7f, 0xff, 0x30, 0x00, 0x01, 0xef, 0xf7, 0x00, 0x00, 0x7f, 0xff, 0xd4, 0x00, 0x2b, 0xff,
    0xf2, 0x00, 0x00, 0x7f, 0xfb, 0xef, 0xfe, 0xff, 0xff, 0xb0, 0x00, 0x00, 0x7f, 0xfb, 0x4f, 0xff, 0xff, 0xfd, 0x10, 0x00, 0x00, 0x7f, 0xfb, 0x03,
    0xbe, 0xfd, 0x80, 0x00, 0x00, 0x00, 0x00, 0x02, 0x8d, 0xff, 0xeb, 0x50, 0x00, 0x00, 0x00, 0x00, 0x6f, 0xff, 0xff, 0xff, 0xfc, 0x10, 0x00, 0x00,
    0x06, 0xff, 0xff, 0xfe, 0xff, 0xff, 0xd0, 0x00, 0x00, 0x0e, 0xff, 0xd4, 0x00, 0x19, 0xff, 0xf6, 0x00, 0x00, 0x5f, 0xff, 0x20, 0x00, 0x00, 0xaf,
    0xfc, 0x00, 0x00, 0x7f, 0xfc, 0x00, 0x00, 0x00, 0x4c, 0xcb, 0x00, 0x00, 0x8f, 0xfa, 0x00, 0x00, 0x00, 0x00, 0x00, 0x00, 0x00, 0x9f, 0xfa, 0x00,
    0x00, 0x00, 0x00, 0x00, 0x00, 0x00, 0x9f, 0xfa, 0x00, 0x00, 0x00, 0x00, 0x00, 0x00, 0x00, 0x9f, 0xfa, 0x00, 0x00, 0x00, 0x00, 0x00, 0x00, 0x00,
    0x8f, 0xfa, 0x00, 0x00, 0x00, 0x00, 0x00, 0x00, 0x00, 0x7f, 0xfc, 0x00, 0x00, 0x00, 0x4d, 0xdc, 0x00, 0x00, 0x5f, 0xff, 0x20, 0x00, 0x00, 0xaf,
    0xfb, 0x00, 0x00, 0x0e, 0xff, 0xd4, 0x00, 0x18, 0xff, 0xf6, 0x00, 0x00, 0x06, 0xff, 0xff, 0xfe, 0xff, 0xff, 0xc0, 0x00, 0x00, 0x00, 0x6f, 0xff,
    0xff, 0xff, 0xfc, 0x10, 0x00, 0x00, 0x00, 0x02, 0x8d, 0xff, 0xeb, 0x50, 0x00, 0x00, 0x00, 0x00, 0x00, 0x00, 0x00, 0x00, 0xcf, 0xf7, 0x00, 0x00,
    0x00, 0x00, 0x00, 0x00, 0x00, 0xcf, 0xf7, 0x00, 0x00, 0x00, 0x00, 0x00, 0x00, 0x00, 0xcf, 0xf7, 0x00, 0x00, 0x00, 0x00, 0x00, 0x00, 0x00, 0xcf,
    0xf7, 0x00, 0x00, 0x00, 0x00, 0x00, 0x00, 0x00, 0xcf, 0xf7, 0x00, 0x00, 0x00, 0x08, 0xdf, 0xeb, 0x30, 0xbf, 0xf7, 0x00, 0x00, 0x01, 0xdf, 0xff,
    0xff, 0xf4, 0xbf, 0xf7, 0x00, 0x00, 0x0b, 0xff, 0xff, 0xef, 0xfe, 0xbf, 0xf7, 0x00, 0x00, 0x2f, 0xff, 0xb2, 0x00, 0x4e, 0xff, 0xf7, 0x00, 0x00,
    0x7f, 0xfe, 0x00, 0x00, 0x03, 0xff, 0xf7, 0x00, 0x00, 0x9f, 0xfb, 0x00, 0x00, 0x00, 0xef, 0xf7, 0x00, 0x00, 0x9f, 0xf9, 0x00, 0x00, 0x00, 0xcf,
    0xf7, 0x00, 0x00, 0xaf, 0xf9, 0x00, 0x00, 0x00, 0xcf, 0xf7, 0x00, 0x00, 0xaf, 0xf9, 0x00, 0x00, 0x00, 0xcf, 0xf7, 0x00, 0x00, 0xaf, 0xf9, 0x00,
    0x00, 0x00, 0xcf, 0xf7, 0x00, 0x00, 0x9f, 0xf9, 0x00, 0x00, 0x00, 0xcf, 0xf7, 0x00, 0x00, 0x9f, 0xfb, 0x00, 0x00, 0x00, 0xef, 0xf7, 0x00, 0x00,
    0x7f, 0xfe, 0x10, 0x00, 0x03, 0xff, 0xf7, 0x00, 0x00, 0x2f, 0xff, 0xb2, 0x00, 0x4e, 0xff, 0xf7, 0x00, 0x00, 0x0b, 0xff, 0xff, 0xef, 0xfe, 0xbf,
    0xf7, 0x00, 0x00, 0x01, 0xdf, 0xff, 0xff, 0xf4, 0xbf, 0xf7, 0x00, 0x00, 0x00, 0x18, 0xdf, 0xeb, 0x30, 0xbf, 0xf7, 0x00, 0x00, 0x00, 0x02, 0x9d,
    0xff, 0xd8, 0x20, 0x00, 0x00, 0x00, 0x00, 0x8f, 0xff, 0xff, 0xff, 0xf6, 0x00, 0x00, 0x00, 0x07, 0xff, 0xff, 0xff, 0xff, 0xff, 0x50, 0x00, 0x00,
    0x1f, 0xff, 0xb2, 0x00, 0x2b, 0xff, 0xe0, 0x00, 0x00, 0x6f, 0xfe, 0x00, 0x00, 0x00, 0xdf, 0xf5, 0x00, 0x00, 0x9f, 0xf9, 0x00, 0x00, 0x00, 0x9f,
    0xf8, 0x00, 0x00, 0xaf, 0xf7, 0x00, 0x00, 0x00, 0x7f, 0xfa, 0x00, 0x00, 0xbf, 0xff, 0xff, 0xff, 0xff, 0xff, 0xfb, 0x00, 0x00, 0xbf, 0xff, 0xff,
    0xff, 0xff, 0xff, 0xfb, 0x00, 0x00, 0xbf, 0xfe, 0xee, 0xee, 0xee, 0xee, 0xe9, 0x00, 0x00, 0xaf, 0xf7, 0x00, 0x00, 0x00, 0x00, 0x00, 0x00, 0x00,
    0x9f, 0xf8, 0x00, 0x00, 0x00, 0x00, 0x00, 0x00, 0x00, 0x6f, 0xfc, 0x00, 0x00, 0x00, 0x57, 0x73, 0x00, 0x00, 0x1f, 0xff, 0xa2, 0x00, 0x17, 0xff,
    0xf4, 0x00, 0x00, 0x07, 0xff, 0xff, 0xfe, 0xff, 0xff, 0xb0, 0x00, 0x00, 0x00, 0x8f, 0xff, 0xff, 0xff, 0xfb, 0x00, 0x00, 0x00, 0x00, 0x03, 0x9d,
    0xff, 0xea, 0x40, 0x00, 0x00, 0x00, 0x00, 0x00, 0x00, 0x6c, 0xff, 0xff, 0xff, 0x00, 0x00, 0x00, 0x00, 0x0a, 0xff, 0xff, 0xff, 0xff, 0x00, 0x00,
    0x00, 0x00, 0x4f, 0xff, 0xfe, 0xee, 0xed, 0x00, 0x00, 0x00, 0x00, 0xaf, 0xfc, 0x00, 0x00, 0x00, 0x00, 0x00, 0x00, 0x00, 0xbf, 0xf8, 0x00, 0x00,
    0x00, 0x00, 0x00, 0x00, 0x00, 0xcf, 0xf7, 0x00, 0x00, 0x00, 0x00, 0x00, 0x00, 0x00, 0xcf, 0xf7, 0x00, 0x00, 0x00, 0x00, 0x00, 0x00, 0x00, 0xcf,
    0xf7, 0x00, 0x00, 0x00, 0x00, 0x07, 0xff, 0xff, 0xff, 0xff, 0xff, 0xff, 0xff, 0x00, 0x07, 0xff, 0xff, 0xff, 0xff, 0xff, 0xff, 0xff, 0x00, 0x06,
    0xee, 0xee, 0xff, 0xfe, 0xee, 0xee, 0xed, 0x00, 0x00, 0x00, 0x00, 0xcf, 0xf7, 0x00, 0x00, 0x00, 0x00, 0x00, 0x00, 0x00, 0xcf, 0xf7, 0x00, 0x00,
    0x00, 0x00, 0x00, 0x00, 0x00, 0xcf, 0xf7, 0x00, 0x00, 0x00, 0x00, 0x00, 0x00, 0x00, 0xcf, 0xf7, 0x00, 0x00, 0x00, 0x00, 0x00, 0x00, 0x00, 0xcf,
    0xf7, 0x00, 0x00, 0x00, 0x00, 0x00, 0x00, 0x00, 0xcf, 0xf7, 0x00, 0x00, 0x00, 0x00, 0x00, 0x00, 0x00, 0xcf, 0xf7, 0x00, 0x00, 0x00, 0x00, 0x00,
    0x00, 0x00, 0xcf, 0xf7, 0x00, 0x00, 0x00, 0x00, 0x00, 0x00, 0x00, 0xcf, 0xf7, 0x00, 0x00, 0x00, 0x00, 0x00, 0x00, 0x00, 0xcf, 0xf7, 0x00, 0x00,
    0x00, 0x00, 0x00, 0x00, 0x00, 0xcf, 0xf7, 0x00, 0x00, 0x00, 0x00, 0x00, 0x00, 0x07, 0xdf, 0xeb, 0x30, 0xbf, 0xf7, 0x00, 0x00, 0x01, 0xdf, 0xff,
    0xff, 0xf5, 0xbf, 0xf7, 0x00, 0x00, 0x0a, 0xff, 0xff, 0xff, 0xfe, 0xcf, 0xf7, 0x00, 0x00, 0x2f, 0xff, 0xc2, 0x00, 0x4e, 0xff, 0xf7, 0x00, 0x00,
    0x6f, 0xff, 0x10, 0x00, 0x03, 0xff, 0xf7, 0x00, 0x00, 0x8f, 0xfb, 0x00, 0x00, 0x00, 0xef, 0xf7, 0x00, 0x00, 0x9f, 0xfa, 0x00, 0x00, 0x00, 0xcf,
    0xf7, 0x00, 0x00, 0x9f, 0xfa, 0x00, 0x00, 0x00, 0xcf, 0xf7, 0x00, 0x00, 0x9f, 0xfa, 0x00, 0x00, 0x00, 0xcf, 0xf7, 0x00, 0x00, 0x9f, 0xfa, 0x00,
    0x00, 0x00, 0xcf, 0xf7, 0x00, 0x00, 0x8f, 0xfc, 0x00, 0x00, 0x00, 0xef, 0xf7, 0x00, 0x00, 0x6f, 0xff, 0x20, 0x00, 0x05, 0xff, 0xf7, 0x00, 0x00,
    0x1f, 0xff, 0xd4, 0x11, 0x6e, 0xff, 0xf7, 0x00, 0x00, 0x09, 0xff, 0xff, 0xff, 0xfe, 0xcf, 0xf7, 0x00, 0x00, 0x00, 0xcf, 0xff, 0xff, 0xf4, 0xcf,
    0xf7, 0x00, 0x00, 0x00, 0x06, 0xbd, 0xc9, 0x20, 0xcf, 0xf7, 0x00, 0x00, 0x00, 0x00, 0x00, 0x00, 0x00, 0xcf, 0xf7, 0x00, 0x00, 0x00, 0x00, 0x00,
    0x00, 0x00, 0xff, 0xf5, 0x00, 0x00, 0x00, 0x00, 0x00, 0x00, 0x1b, 0xff, 0xf1, 0x00, 0x00, 0x00, 0x4e, 0xee, 0xee, 0xff, 0xff, 0x90, 0x00, 0x00,
    0x00, 0x5f, 0xff, 0xff, 0xff, 0xfb, 0x00, 0x00, 0x00, 0x00, 0x5f, 0xff, 0xff, 0xeb, 0x50, 0x00, 0x00, 0x00, 0x7f, 0xfc, 0x00, 0x00, 0x00, 0x00,
    0x00, 0x00, 0x00, 0x7f, 0xfc, 0x00, 0x00, 0x00, 0x00, 0x00, 0x00, 0x00, 0x7f, 0xfc, 0x00, 0x00, 0x00, 0x00, 0x00, 0x00, 0x00, 0x7f, 0xfc, 0x00,
    0x00, 0x00, 0x00, 0x00, 0x00, 0x00, 0x7f, 0xfc, 0x00, 0x00, 0x00, 0x00, 0x00, 0x00, 0x00, 0x7f, 0xfc, 0x03, 0xbe, 0xfd, 0x80, 0x00, 0x00, 0x00,
    0x7f, 0xfc, 0x4f, 0xff, 0xff, 0xfd, 0x10, 0x00, 0x00, 0x7f, 0xfb, 0xef, 0xff, 0xff, 0xff, 0xb0, 0x00, 0x00, 0x7f, 0xfe, 0xe4, 0x00, 0x3d, 0xff,
    0xf2, 0x00, 0x00, 0x7f, 0xff, 0x40, 0x00, 0x02, 0xff, 0xf6, 0x00, 0x00, 0x7f, 0xfe, 0x00, 0x00, 0x00, 0xdf, 0xf8, 0x00, 0x00, 0x7f, 0xfc, 0x00,
    0x00, 0x00, 0xbf, 0xf8, 0x00, 0x00, 0x7f, 0xfc, 0x00, 0x00, 0x00, 0xbf, 0xf8, 0x00, 0x00, 0x7f, 0xfc, 0x00, 0x00, 0x00, 0xbf, 0xf8, 0x00, 0x00,
    0x7f, 0xfc, 0x00, 0x00, 0x00, 0xbf, 0xf8, 0x00, 0x00, 0x7f, 0xfc, 0x00, 0x00, 0x00, 0xbf, 0xf8, 0x00, 0x00, 0x7f, 0xfc, 0x00, 0x00, 0x00, 0xbf,
    0xf8, 0x00, 0x00, 0x7f, 0xfc, 0x00, 0x00, 0x00, 0xbf, 0xf8, 0x00, 0x00, 0x7f, 0xfc, 0x00, 0x00, 0x00, 0xbf, 0xf8, 0x00, 0x00, 0x7f, 0xfc, 0x00,
    0x00, 0x00, 0xbf, 0xf8, 0x00, 0x00, 0x7f, 0xfc, 0x00, 0x00, 0x00, 0xbf, 0xf8, 0x00, 0x00, 0x7f, 0xfc, 0x00, 0x00, 0x00, 0xbf, 0xf8, 0x00, 0x00,
    0x00, 0x00, 0x02, 0xcf, 0xc2, 0x00, 0x00, 0x00, 0x00, 0x00, 0x00, 0x0b, 0xff, 0xfb, 0x00, 0x00, 0x00, 0x00, 0x00, 0x00, 0x0b, 0xff, 0xfb, 0x00,
    0x00, 0x00, 0x00, 0x00, 0x00, 0x02, 0xcf, 0xc2, 0x00, 0x00, 0x00, 0x00, 0x00, 0x00, 0x00, 0x00, 0x00, 0x00, 0x00, 0x00, 0x00, 0x00, 0x00, 0x00,
    0x00, 0x00, 0x00, 0x00, 0x00, 0x00, 0x00, 0x00, 0x00, 0x00, 0x00, 0x00, 0x00, 0x00, 0x00, 0x0f, 0xff, 0xff, 0xff, 0xf6, 0x00, 0x00, 0x00, 0x00,
    0x0f, 0xff, 0xff, 0xff, 0xf6, 0x00, 0x00, 0x00, 0x00, 0x0d, 0xee, 0xee, 0xff, 0xf6, 0x00, 0x00, 0x00, 0x00, 0x00, 0x00, 0x00, 0xdf, 0xf6, 0x00,
    0x00, 0x00, 0x00, 0x00, 0x00, 0x00, 0xdf, 0xf6, 0x00, 0x00, 0x00, 0x00, 0x00, 0x00, 0x00, 0xdf, 0xf6, 0x00, 0x00, 0x00, 0x00, 0x00, 0x00, 0x00,
    0xdf, 0xf6, 0x00, 0x00, 0x00, 0x00, 0x00, 0x00, 0x00, 0xdf, 0xf6, 0x00, 0x00, 0x00, 0x00, 0x00, 0x00, 0x00, 0xdf, 0xf6, 0x00, 0x00, 0x00, 0x00,
    0x00, 0x00, 0x00, 0xdf, 0xf6, 0x00, 0x00, 0x00, 0x00, 0x00, 0x00, 0x00, 0xdf, 0xf6, 0x00, 0x00, 0x00, 0x00, 0x00, 0x00, 0x00, 0xdf, 0xf6, 0x00,
    0x00, 0x00, 0x00, 0x00, 0x00, 0x00, 0xdf, 0xf6, 0x00, 0x00, 0x00, 0x00, 0x00, 0x00, 0x00, 0xdf, 0xf6, 0x00, 0x00, 0x00, 0x00, 0x7e, 0xee, 0xee,
    0xff, 0xfe, 0xee, 0xee, 0x90, 0x00, 0x9f, 0xff, 0xff, 0xff, 0xff, 0xff, 0xff, 0xb0, 0x00, 0x9f, 0xff, 0xff, 0xff, 0xff, 0xff, 0xff, 0xb0, 0x00,
    0x00, 0x00, 0x00, 0x02, 0xcf, 0xc2, 0x00, 0x00, 0x00, 0x00, 0x00, 0x00, 0x0b, 0xff, 0xfb, 0x00, 0x00, 0x00, 0x00, 0x00, 0x00, 0x0b, 0xff, 0xfb,
    0x00, 0x00, 0x00, 0x00, 0x00, 0x00, 0x03, 0xcf, 0xc2, 0x00, 0x00, 0x00, 0x00, 0x00, 0x00, 0x00, 0x00, 0x00, 0x00, 0x00, 0x00, 0x00, 0x00, 0x00,
    0x00, 0x00, 0x00, 0x00, 0x00, 0x00, 0x00, 0x00, 0x00, 0x00, 0x00, 0x00, 0x00, 0x00, 0x00, 0x9f, 0xff, 0xff, 0xff, 0xff, 0xf6, 0x00, 0x00, 0x00,
    0x9f, 0xff, 0xff, 0xff, 0xff, 0xf6, 0x00, 0x00, 0x00, 0x7e, 0xee, 0xee, 0xee, 0xff, 0xf6, 0x00, 0x00, 0x00, 0x00, 0x00, 0x00, 0x00, 0xdf, 0xf6,
    0x00, 0x00, 0x00, 0x00, 0x00, 0x00, 0x00, 0xdf, 0xf6, 0x00, 0x00, 0x00, 0x00, 0x00, 0x00, 0x00, 0xdf, 0xf6, 0x00, 0x00, 0x00, 0x00, 0x00, 0x00,
    0x00, 0xdf, 0xf6, 0x00, 0x00, 0x00, 0x00, 0x00, 0x00, 0x00, 0xdf, 0xf6, 0x00, 0x00, 0x00, 0x00, 0x00, 0x00, 0x00, 0xdf, 0xf6, 0x00, 0x00, 0x00,
    0x00, 0x00, 0x00, 0x00, 0xdf, 0xf6, 0x00, 0x00, 0x00, 0x00, 0x00, 0x00, 0x00, 0xdf, 0xf6, 0x00, 0x00, 0x00, 0x00, 0x00, 0x00, 0x00, 0xdf, 0xf6,
    0x00, 0x00, 0x00, 0x00, 0x00, 0x00, 0x00, 0xdf, 0xf6, 0x00, 0x00, 0x00, 0x00, 0x00, 0x00, 0x00, 0xdf, 0xf6, 0x00, 0x00, 0x00, 0x00, 0x00, 0x00,
    0x00, 0xdf, 0xf6, 0x00, 0x00, 0x00, 0x00, 0x00, 0x00, 0x00, 0xdf, 0xf5, 0x00, 0x00, 0x00, 0x00, 0x00, 0x00, 0x00, 0xff, 0xf4, 0x00, 0x00, 0x00,
    0x00, 0x00, 0x00, 0x06, 0xff, 0xf1, 0x00, 0x00, 0x00, 0x00, 0x00, 0x00, 0x6f, 0xff, 0xc0, 0x00, 0x00, 0x00, 0x5e, 0xee, 0xef, 0xff, 0xff, 0x30,
    0x00, 0x00, 0x00, 0x6f, 0xff, 0xff, 0xff, 0xf4, 0x00, 0x00, 0x00, 0x00, 0x6f, 0xff, 0xff, 0xc8, 0x10, 0x00, 0x00, 0x00, 0x00, 0x5f, 0xfe, 0x00,
    0x00, 0x00, 0x00, 0x00, 0x00, 0x00, 0x5f, 0xfe, 0x00, 0x00, 0x00, 0x00, 0x00, 0x00, 0x00, 0x5f, 0xfe, 0x00, 0x00, 0x00, 0x00, 0x00, 0x00, 0x00,
    0x5f, 0xfe, 0x00, 0x00, 0x00, 0x00, 0x00, 0x00, 0x00, 0x5f, 0xfe, 0x00, 0x00, 0x00, 0x00, 0x00, 0x00, 0x00, 0x5f, 0xfe, 0x00, 0x00, 0x00, 0x3f,
    0xff, 0x60, 0x00, 0x5f, 0xfe, 0x00, 0x00, 0x00, 0xdf, 0xfc, 0x00, 0x00, 0x5f, 0xfe, 0x00, 0x00, 0x07, 0xff, 0xf3, 0x00, 0x00, 0x5f, 0xfe, 0x00,
    0x00, 0x1f, 0xff, 0x90, 0x00, 0x00, 0x5f, 0xfe, 0x00, 0x00, 0xaf, 0xfe, 0x00, 0x00, 0x00, 0x5f, 0xfe, 0x00, 0x04, 0xff, 0xf5, 0x00, 0x00, 0x00,
    0x5f, 0xfe, 0x00, 0x0d, 0xff, 0xb0, 0x00, 0x00, 0x00, 0x5f, 0xff, 0xff, 0xff, 0xff, 0x20, 0x00, 0x00, 0x00, 0x5f, 0xff, 0xff, 0xff, 0xfc, 0x00,
    0x00, 0x00, 0x00, 0x5f, 0xff, 0xee, 0xef, 0xff, 0x50, 0x00, 0x00, 0x00, 0x5f, 0xfe, 0x00, 0x0c, 0xff, 0xe0, 0x00, 0x00, 0x00, 0x5f, 0xfe, 0x00,
    0x02, 0xff, 0xf9, 0x00, 0x00, 0x00, 0x5f, 0xfe, 0x00, 0x00, 0x8f, 0xff, 0x30, 0x00, 0x00, 0x5f, 0xfe, 0x00, 0x00, 0x0e, 0xff, 0xc0, 0x00, 0x00,
    0x5f, 0xfe, 0x00, 0x00, 0x04, 0xff, 0xf6, 0x00, 0x00, 0x5f, 0xfe, 0x00, 0x00, 0x00, 0xbf, 0xff, 0x10, 0x00, 0x5f, 0xfe, 0x00, 0x00, 0x00, 0x1f,
    0xff, 0xa0, 0x2f, 0xff, 0xff, 0xff, 0xfa, 0x00, 0x00, 0x00, 0x00, 0x2f, 0xff, 0xff, 0xff, 0xfa, 0x00, 0x00, 0x00, 0x00, 0x1e, 0xee, 0xee, 0xff,
    0xfa, 0x00, 0x00, 0x00, 0x00, 0x00, 0x00, 0x00, 0x9f, 0xfa, 0x00, 0x00, 0x00, 0x00, 0x00, 0x00, 0x00, 0x9f, 0xfa, 0x00, 0x00, 0x00, 0x00, 0x00,
    0x00, 0x00, 0x9f, 0xfa, 0x00, 0x00, 0x00, 0x00, 0x00, 0x00, 0x00, 0x9f, 0xfa, 0x00, 0x00, 0x00, 0x00, 0x00, 0x00, 0x00, 0x9f, 0xfa, 0x00, 0x00,
    0x00, 0x00, 0x00, 0x00, 0x00, 0x9f, 0xfa, 0x00, 0x00, 0x00, 0x00, 0x00, 0x00, 0x00, 0x9f, 0xfa, 0x00, 0x00, 0x00, 0x00, 0x00, 0x00, 0x00, 0x9f,
    0xfa, 0x00, 0x00, 0x00, 0x00, 0x00, 0x00, 0x00, 0x9f, 0xfa, 0x00, 0x00, 0x00, 0x00, 0x00, 0x00, 0x00, 0x9f, 0xfa, 0x00, 0x00, 0x00, 0x00, 0x00,
    0x00, 0x00, 0x9f, 0xfa, 0x00, 0x00, 0x00, 0x00, 0x00, 0x00, 0x00, 0x9f, 0xfa, 0x00, 0x00, 0x00, 0x00, 0x00, 0x00, 0x00, 0x9f, 0xfa, 0x00, 0x00,
    0x00, 0x00, 0x00, 0x00, 0x00, 0x9f, 0xfa, 0x00, 0x00, 0x00, 0x00, 0x00, 0x00, 0x00, 0x8f, 0xfb, 0x00, 0x00, 0x00, 0x00, 0x00, 0x00, 0x00, 0x5f,
    0xff, 0x40, 0x00, 0x00, 0x00, 0x00, 0x00, 0x00, 0x0e, 0xff, 0xfe, 0xee, 0xee, 0x90, 0x00, 0x00, 0x00, 0x04, 0xff, 0xff, 0xff, 0xff, 0xa0, 0x00,
    0x00, 0x00, 0x00, 0x2a, 0xef, 0xff, 0xff, 0xa0, 0x06, 0xff, 0x54, 0xde, 0x80, 0x08, 0xee, 0x90, 0x00, 0x06, 0xff, 0x7f, 0xff, 0xf7, 0x6f, 0xff,
    0xf9, 0x00, 0x06, 0xff, 0xcf, 0xff, 0xfe, 0xcf, 0xff, 0xff, 0x10, 0x06, 0xff, 0xd1, 0x0b, 0xff, 0xb0, 0x1d, 0xff, 0x40, 0x06, 0xff, 0x90, 0x05,
    0xff, 0x50, 0x09, 0xff, 0x60, 0x06, 0xff, 0x80, 0x05, 0xff, 0x50, 0x08, 0xff, 0x60, 0x06, 0xff, 0x80, 0x05, 0xff, 0x50, 0x08, 0xff, 0x60, 0x06,
    0xff, 0x80, 0x05, 0xff, 0x50, 0x08, 0xff, 0x60, 0x06, 0xff, 0x80, 0x05, 0xff, 0x50, 0x08, 0xff, 0x60, 0x06, 0xff, 0x80, 0x05, 0xff, 0x50, 0x08,
    0xff, 0x60, 0x06, 0xff, 0x80, 0x05, 0xff, 0x50, 0x08, 0xff, 0x60, 0x06, 0xff, 0x80, 0x05, 0xff, 0x50, 0x08, 0xff, 0x60, 0x06, 0xff, 0x80, 0x05,
    0xff, 0x50, 0x08, 0xff, 0x60, 0x06, 0xff, 0x80, 0x05, 0xff, 0x50, 0x08, 0xff, 0x60, 0x06, 0xff, 0x80, 0x05, 0xff, 0x50, 0x08, 0xff, 0x60, 0x06,
    0xff, 0x80, 0x05, 0xff, 0x50, 0x08, 0xff, 0x60, 0x06, 0xff, 0x80, 0x05, 0xff, 0x50, 0x08, 0xff, 0x60, 0x00, 0x7f, 0xfb, 0x03, 0xbe, 0xfd, 0x80,
    0x00, 0x00, 0x00, 0x7f, 0xfb, 0x4f, 0xff, 0xff, 0xfd, 0x10, 0x00, 0x00, 0x7f, 0xfb, 0xef, 0xff, 0xff, 0xff, 0xb0, 0x00, 0x00, 0x7f, 0xfe, 0xe4,
    0x00, 0x3d, 0xff, 0xf2, 0x00, 0x00, 0x7f, 0xff, 0x40, 0x00, 0x02, 0xff, 0xf6, 0x00, 0x00, 0x7f, 0xfe, 0x00, 0x00, 0x00, 0xdf, 0xf8, 0x00, 0x00,
    0x7f, 0xfc, 0x00, 0x00, 0x00, 0xbf, 0xf8, 0x00, 0x00, 0x7f, 0xfc, 0x00, 0x00, 0x00, 0xbf, 0xf8, 0x00, 0x00, 0x7f, 0xfc, 0x00, 0x00, 0x00, 0xbf,
    0xf8, 0x00, 0x00, 0x7f, 0xfc, 0x00, 0x00, 0x00, 0xbf, 0xf8, 0x00, 0x00, 0x7f, 0xfc, 0x00, 0x00, 0x00, 0xbf, 0xf8, 0x00, 0x00, 0x7f, 0xfc, 0x00,
    0x00, 0x00, 0xbf, 0xf8, 0x00, 0x00, 0x7f, 0xfc, 0x00, 0x00, 0x00, 0xbf, 0xf8, 0x00, 0x00, 0x7f, 0xfc, 0x00, 0x00, 0x00, 0xbf, 0xf8, 0x00, 0x00,
    0x7f, 0xfc, 0x00, 0x00, 0x00, 0xbf, 0xf8, 0x00, 0x00, 0x7f, 0xfc, 0x00, 0x00, 0x00, 0xbf, 0xf8, 0x00, 0x00, 0x7f, 0xfc, 0x00, 0x00, 0x00, 0xbf,
    0xf8, 0x00, 0x00, 0x00, 0x03, 0x9d, 0xff, 0xd9, 0x30, 0x00, 0x00, 0x00, 0x00, 0x8f, 0xff, 0xff, 0xff, 0xf8, 0x00, 0x00, 0x00, 0x07, 0xff, 0xff,
    0xff, 0xff, 0xff, 0x70, 0x00, 0x00, 0x1f, 0xff, 0xc2, 0x00, 0x2c, 0xff, 0xf1, 0x00, 0x00, 0x6f, 0xfe, 0x10, 0x00, 0x01, 0xef, 0xf6, 0x00, 0x00,
    0x9f, 0xfa, 0x00, 0x00, 0x00, 0xaf, 0xf9, 0x00, 0x00, 0xaf, 0xf8, 0x00, 0x00, 0x00, 0x8f, 0xfa, 0x00, 0x00, 0xbf, 0xf8, 0x00, 0x00, 0x00, 0x8f,
    0xfb, 0x00, 0x00, 0xbf, 0xf8, 0x00, 0x00, 0x00, 0x8f, 0xfb, 0x00, 0x00, 0xbf, 0xf8, 0x00, 0x00, 0x00, 0x8f, 0xfb, 0x00, 0x00, 0xaf, 0xf8, 0x00,
    0x00, 0x00, 0x8f, 0xfa, 0x00, 0x00, 0x9f, 0xfa, 0x00, 0x00, 0x00, 0xaf, 0xf9, 0x00, 0x00, 0x6f, 0xfe, 0x10, 0x00, 0x01, 0xef, 0xf6, 0x00, 0x00,
    0x1f, 0xff, 0xc2, 0x00, 0x2c, 0xff, 0xf1, 0x00, 0x00, 0x07, 0xff, 0xff, 0xff, 0xff, 0xff, 0x70, 0x00, 0x00, 0x00, 0x8f, 0xff, 0xff, 0xff, 0xf8,
    0x00, 0x00, 0x00, 0x00, 0x03, 0x9d, 0xff, 0xd9, 0x30, 0x00, 0x00, 0x00, 0x7f, 0xfb, 0x03, 0xbe, 0xfd, 0x80, 0x00, 0x00, 0x00, 0x7f, 0xfb, 0x4f,
    0xff, 0xff, 0xfd, 0x10, 0x00, 0x00, 0x7f, 0xfb, 0xef, 0xfe, 0xff, 0xff, 0xb0, 0x00, 0x00, 0x7f, 0xff, 0xe4, 0x00, 0x2b, 0xff, 0xf2, 0x00, 0x00,
    0x7f, 0xff, 0x30, 0x00, 0x01, 0xef, 0xf7, 0x00, 0x00, 0x7f, 0xfe, 0x00, 0x00, 0x00, 0xbf, 0xf9, 0x00, 0x00, 0x7f, 0xfc, 0x00, 0x00, 0x00, 0x9f,
    0xf9, 0x00, 0x00, 0x7f, 0xfc, 0x00, 0x00, 0x00, 0x9f, 0xfa, 0x00, 0x00, 0x7f, 0xfc, 0x00, 0x00, 0x00, 0x9f, 0xfa, 0x00, 0x00, 0x7f, 0xfc, 0x00,
    0x00, 0x00, 0x9f, 0xfa, 0x00, 0x00, 0x7f, 0xfc, 0x00, 0x00, 0x00, 0x9f, 0xf9, 0x00, 0x00, 0x7f, 0xfe, 0x00, 0x00, 0x00, 0xbf, 0xf9, 0x00, 0x00,
    0x7f, 0xff, 0x30, 0x00, 0x01, 0xef, 0xf7, 0x00, 0x00, 0x7f, 0xfe, 0xd4, 0x00, 0x2b, 0xff, 0xf2, 0x00, 0x00, 0x7f, 0xfb, 0xef, 0xfe, 0xff, 0xff,
    0xb0, 0x00, 0x00, 0x7f, 0xfb, 0x4f, 0xff, 0xff, 0xfd, 0x10, 0x00, 0x00, 0x7f, 0xfb, 0x03, 0xae, 0xfd, 0x80, 0x00, 0x00, 0x00, 0x7f, 0xfc, 0x00,
    0x00, 0x00, 0x00, 0x00, 0x00, 0x00, 0x7f, 0xfc, 0x00, 0x00, 0x00, 0x00, 0x00, 0x00, 0x00, 0x7f, 0xfc, 0x00, 0x00, 0x00, 0x00, 0x00, 0x00, 0x00,
    0x7f, 0xfc, 0x00, 0x00, 0x00, 0x00, 0x00, 0x00, 0x00, 0x7f, 0xfc, 0x00, 0x00, 0x00, 0x00, 0x00, 0x00, 0x00, 0x00, 0x08, 0xdf, 0xeb, 0x30, 0xbf,
    0xf7, 0x00, 0x00, 0x01, 0xdf, 0xff, 0xff, 0xf4, 0xbf, 0xf7, 0x00, 0x00, 0x0b, 0xff, 0xff, 0xef, 0xfe, 0xbf, 0xf7, 0x00, 0x00, 0x2f, 0xff, 0xb2,
    0x00, 0x4e, 0xff, 0xf7, 0x00, 0x00, 0x7f, 0xfe, 0x00, 0x00, 0x03, 0xff, 0xf7, 0x00, 0x00, 0x9f, 0xfb, 0x00, 0x00, 0x00, 0xef, 0xf7, 0x00, 0x00,
    0x9f, 0xf9, 0x00, 0x00, 0x00, 0xcf, 0xf7, 0x00, 0x00, 0xaf, 0xf9, 0x00, 0x00, 0x00, 0xcf, 0xf7, 0x00, 0x00, 0xaf, 0xf9, 0x00, 0x00, 0x00, 0xcf,
    0xf7, 0x00, 0x00, 0xaf, 0xf9, 0x00, 0x00, 0x00, 0xcf, 0xf7, 0x00, 0x00, 0x9f, 0xf9, 0x00, 0x00, 0x00, 0xcf, 0xf7, 0x00, 0x00, 0x9f, 0xfb, 0x00,
    0x00, 0x00, 0xef, 0xf7, 0x00, 0x00, 0x7f, 0xfe, 0x00, 0x00, 0x03, 0xff, 0xf7, 0x00, 0x00, 0x2f, 0xff, 0xb2, 0x00, 0x4e, 0xff, 0xf7, 0x00, 0x00,
    0x0b, 0xff, 0xff, 0xef, 0xfe, 0xbf, 0xf7, 0x00, 0x00, 0x01, 0xdf, 0xff, 0xff, 0xf4, 0xbf, 0xf7, 0x00, 0x00, 0x00, 0x18, 0xdf, 0xeb, 0x30, 0xbf,
    0xf7, 0x00, 0x00, 0x00, 0x00, 0x00, 0x00, 0x00, 0xcf, 0xf7, 0x00, 0x00, 0x00, 0x00, 0x00, 0x00, 0x00, 0xcf, 0xf7, 0x00, 0x00, 0x00, 0x00, 0x00,
    0x00, 0x00, 0xcf, 0xf7, 0x00, 0x00, 0x00, 0x00, 0x00, 0x00, 0x00, 0xcf, 0xf7, 0x00, 0x00, 0x00, 0x00, 0x00, 0x00, 0x00, 0xcf, 0xf7, 0x00, 0x00,
    0x0e, 0xff, 0x50, 0x7c, 0xff, 0xc5, 0x00, 0x00, 0x00, 0x0e, 0xff, 0x5b, 0xff, 0xff, 0xff, 0xa0, 0x00, 0x00, 0x0e, 0xff, 0xaf, 0xfe, 0xff, 0xff,
    0xf5, 0x00, 0x00, 0x0e, 0xff, 0xea, 0x10, 0x05, 0xef, 0xfc, 0x00, 0x00, 0x0e, 0xff, 0xd0, 0x00, 0x00, 0x6f, 0xff, 0x00, 0x00, 0x0e, 0xff, 0x80,
    0x00, 0x00, 0x2f, 0xff, 0x20, 0x00, 0x0e, 0xff, 0x60, 0x00, 0x00, 0x0f, 0xff, 0x30, 0x00, 0x0e, 0xff, 0x50, 0x00, 0x00, 0x0a, 0xaa, 0x20, 0x00,
    0x0e, 0xff, 0x50, 0x00, 0x00, 0x00, 0x00, 0x00, 0x00, 0x0e, 0xff, 0x50, 0x00, 0x00, 0x00, 0x00, 0x00, 0x00, 0x0e, 0xff, 0x50, 0x00, 0x00, 0x00,
    0x00, 0x00, 0x00, 0x0e, 0xff, 0x50, 0x00, 0x00, 0x00, 0x00, 0x00, 0x00, 0x0e, 0xff, 0x50, 0x00, 0x00, 0x00, 0x00, 0x00, 0x00, 0x0e, 0xff, 0x50,
    0x00, 0x00, 0x00, 0x00, 0x00, 0x00, 0x0e, 0xff, 0x50, 0x00, 0x00, 0x00, 0x00, 0x00, 0x00, 0x0e, 0xff, 0x50, 0x00, 0x00, 0x00, 0x00, 0x00, 0x00,
    0x0e, 0xff, 0x50, 0x00, 0x00, 0x00, 0x00, 0x00, 0x00, 0x00, 0x29, 0xdf, 0xff, 0xfc, 0x70, 0x00, 0x00, 0x00, 0x04, 0xff, 0xff, 0xff, 0xff, 0xfd,
    0x20, 0x00, 0x00, 0x1f, 0xff, 0xff, 0xee, 0xff, 0xff, 0xd0, 0x00, 0x00, 0x6f, 0xff, 0x50, 0x00, 0x07, 0xff, 0xf4, 0x00, 0x00, 0x8f, 0xfa, 0x00,
    0x00, 0x00, 0x8a, 0xa4, 0x00, 0x00, 0x6f, 0xfb, 0x00, 0x00, 0x00, 0x00, 0x00, 0x00, 0x00, 0x3f, 0xff, 0x95, 0x20, 0x00, 0x00, 0x00, 0x00, 0x00,
    0x0b, 0xff, 0xff, 0xff, 0xec, 0x82, 0x00, 0x00, 0x00, 0x00, 0x9f, 0xff, 0xff, 0xff, 0xff, 0x60, 0x00, 0x00, 0x00, 0x00, 0x35, 0x8a, 0xcf, 0xff,
    0xf2, 0x00, 0x00, 0x00, 0x00, 0x00, 0x00, 0x01, 0xdf, 0xf9, 0x00, 0x00, 0x00, 0x00, 0x00, 0x00, 0x00, 0x7f, 0xfb, 0x00, 0x00, 0xbf, 0xf9, 0x00,
    0x00, 0x00, 0x8f, 0xfb, 0x00, 0x00, 0x8f, 0xff, 0x50, 0x00, 0x04, 0xff, 0xf9, 0x00, 0x00, 0x2f, 0xff, 0xff, 0xee, 0xff, 0xff, 0xf3, 0x00, 0x00,
    0x05, 0xff, 0xff, 0xff, 0xff, 0xff, 0x60, 0x00, 0x00, 0x00, 0x28, 0xdf, 0xff, 0xfd, 0x92, 0x00, 0x00, 0x00, 0x00, 0x01, 0x88, 0x81, 0x00, 0x00,
    0x00, 0x00, 0x00, 0x00, 0x02, 0xff, 0xf2, 0x00, 0x00, 0x00, 0x00, 0x00, 0x00, 0x02, 0xff, 0xf2, 0x00, 0x00, 0x00, 0x00, 0x00, 0x00, 0x02, 0xff,
    0xf2, 0x00, 0x00, 0x00, 0x00, 0x00, 0x00, 0x02, 0xff, 0xf2, 0x00, 0x00, 0x00, 0x00, 0x0c, 0xff, 0xff, 0xff, 0xff, 0xff, 0xff, 0xfc, 0x00, 0x0c,
    0xff, 0xff, 0xff, 0xff, 0xff, 0xff, 0xfc, 0x00, 0x0b, 0xff, 0xff, 0xff, 0xff, 0xff, 0xff, 0xfc, 0x00, 0x00, 0x00, 0x02, 0xff, 0xf2, 0x00, 0x00,
    0x00, 0x00, 0x00, 0x00, 0x02, 0xff, 0xf2, 0x00, 0x00, 0x00, 0x00, 0x00, 0x00, 0x02, 0xff, 0xf2, 0x00, 0x00, 0x00, 0x00, 0x00, 0x00, 0x02, 0xff,
    0xf2, 0x00, 0x00, 0x00, 0x00, 0x00, 0x00, 0x02, 0xff, 0xf2, 0x00, 0x00, 0x00, 0x00, 0x00, 0x00, 0x02, 0xff, 0xf2, 0x00, 0x00, 0x00, 0x00, 0x00,
    0x00, 0x02, 0xff, 0xf2, 0x00, 0x00, 0x00, 0x00, 0x00, 0x00, 0x02, 0xff, 0xf2, 0x00, 0x00, 0x00, 0x00, 0x00, 0x00, 0x02, 0xff, 0xf2, 0x00, 0x00,
    0x00, 0x00, 0x00, 0x00, 0x01, 0xff, 0xf2, 0x00, 0x00, 0x00, 0x00, 0x00, 0x00, 0x00, 0xff, 0xfa, 0x00, 0x00, 0x00, 0x00, 0x00, 0x00, 0x00, 0xaf,
    0xff, 0xff, 0xff, 0xf9, 0x00, 0x00, 0x00, 0x00, 0x1e, 0xff, 0xff, 0xff, 0xfa, 0x00, 0x00, 0x00, 0x00, 0x01, 0x9e, 0xff, 0xff, 0xfa, 0x00, 0x00,
    0x8f, 0xfb, 0x00, 0x00, 0x00, 0xbf, 0xf8, 0x00, 0x00, 0x8f, 0xfb, 0x00, 0x00, 0x00, 0xbf, 0xf8, 0x00, 0x00, 0x8f, 0xfb, 0x00, 0x00, 0x00, 0xbf,
    0xf8, 0x00, 0x00, 0x8f, 0xfb, 0x00, 0x00, 0x00, 0xbf, 0xf8, 0x00, 0x00, 0x8f, 0xfb, 0x00, 0x00, 0x00, 0xbf, 0xf8, 0x00, 0x00, 0x8f, 0xfb, 0x00,
    0x00, 0x00, 0xbf, 0xf8, 0x00, 0x00, 0x8f, 0xfb, 0x00, 0x00, 0x00, 0xbf, 0xf8, 0x00, 0x00, 0x8f, 0xfb, 0x00, 0x00, 0x00, 0xbf, 0xf8, 0x00, 0x00,
    0x8f, 0xfb, 0x00, 0x00, 0x00, 0xbf, 0xf8, 0x00, 0x00, 0x8f, 0xfb, 0x00, 0x00, 0x00, 0xbf, 0xf8, 0x00, 0x00, 0x8f, 0xfb, 0x00, 0x00, 0x00, 0xbf,
    0xf8, 0x00, 0x00, 0x7f, 0xfd, 0x00, 0x00, 0x00, 0xdf, 0xf7, 0x00, 0x00, 0x4f, 0xff, 0x30, 0x00, 0x03, 0xff, 0xf4, 0x00, 0x00, 0x0e, 0xff, 0xd3,
    0x00, 0x4e, 0xff, 0xe0, 0x00, 0x00, 0x06, 0xff, 0xff, 0xff, 0xff, 0xff, 0x50, 0x00, 0x00, 0x00, 0x7f, 0xff, 0xff, 0xff, 0xf7, 0x00, 0x00, 0x00,
    0x00, 0x03, 0x9d, 0xff, 0xd9, 0x20, 0x00, 0x00, 0x07, 0xff, 0xe0, 0x00, 0x00, 0x00, 0x0e, 0xff, 0x70, 0x02, 0xff, 0xf3, 0x00, 0x00, 0x00, 0x3f,
    0xff, 0x20, 0x00, 0xdf, 0xf8, 0x00, 0x00, 0x00, 0x8f, 0xfd, 0x00, 0x00, 0x8f, 0xfd, 0x00, 0x00, 0x00, 0xdf, 0xf8, 0x00, 0x00, 0x2f, 0xff, 0x20,
    0x00, 0x02, 0xff, 0xf2, 0x00, 0x00, 0x0d, 0xff, 0x70, 0x00, 0x07, 0xff, 0xd0, 0x00, 0x00, 0x08, 0xff, 0xc0, 0x00, 0x0c, 0xff, 0x80, 0x00, 0x00,
    0x03, 0xff, 0xf1, 0x00, 0x1f, 0xff, 0x30, 0x00, 0x00, 0x00, 0xdf, 0xf6, 0x00, 0x6f, 0xfd, 0x00, 0x00, 0x00, 0x00, 0x8f, 0xfb, 0x00, 0xbf, 0xf8,
    0x00, 0x00, 0x00, 0x00, 0x3f, 0xff, 0x00, 0xff, 0xf3, 0x00, 0x00, 0x00, 0x00, 0x0d, 0xff, 0x54, 0xff, 0xe0, 0x00, 0x00, 0x00, 0x00, 0x08, 0xff,
    0x98, 0xff, 0x90, 0x00, 0x00, 0x00, 0x00, 0x03, 0xff, 0xdc, 0xff, 0x30, 0x00, 0x00, 0x00, 0x00, 0x00, 0xef, 0xff, 0xfe, 0x00, 0x00, 0x00, 0x00,
    0x00, 0x00, 0x8f, 0xff, 0xf9, 0x00, 0x00, 0x00, 0x00, 0x00, 0x00, 0x3f, 0xff, 0xf4, 0x00, 0x00, 0x00, 0x3f, 0xf6, 0x00, 0x08, 0xff, 0x80, 0x00,
    0x5f, 0xf3, 0x1f, 0xf9, 0x00, 0x0b, 0xff, 0xb0, 0x00, 0x7f, 0xf1, 0x0e, 0xfb, 0x00, 0x0d, 0xff, 0xe0, 0x00, 0xaf, 0xe0, 0x0c, 0xfd, 0x00, 0x0f,
    0xee, 0xf1, 0x00, 0xcf, 0xb0, 0x09, 0xff, 0x00, 0x3f, 0xcc, 0xf3, 0x00, 0xef, 0x90, 0x07, 0xff, 0x20, 0x6f, 0xaa, 0xf6, 0x01, 0xff, 0x60, 0x04,
    0xff, 0x40, 0x8f, 0x77, 0xf9, 0x03, 0xff, 0x40, 0x02, 0xff, 0x60, 0xbf, 0x55, 0xfc, 0x05, 0xff, 0x10, 0x00, 0xff, 0x80, 0xef, 0x22, 0xfe, 0x08,
    0xff, 0x00, 0x00, 0xdf, 0xa1, 0xff, 0x00, 0xff, 0x1a, 0xfc, 0x00, 0x00, 0xaf, 0xd3, 0xfd, 0x00, 0xdf, 0x4c, 0xf9, 0x00, 0x00, 0x8f, 0xf6, 0xfa,
    0x00, 0xbf, 0x6e, 0xf7, 0x00, 0x00, 0x5f, 0xf9, 0xf8, 0x00, 0x8f, 0x9f, 0xf4, 0x00, 0x00, 0x3f, 0xfd, 0xf5, 0x00, 0x6f, 0xcf, 0xf2, 0x00, 0x00,
    0x1f, 0xff, 0xf2, 0x00, 0x3f, 0xff, 0xf0, 0x00, 0x00, 0x0e, 0xff, 0xf0, 0x00, 0x1f, 0xff, 0xd0, 0x00, 0x00, 0x0c, 0xff, 0xd0, 0x00, 0x0e, 0xff,
    0xa0, 0x00, 0x01, 0xef, 0xfa, 0x00, 0x00, 0x00, 0xaf, 0xff, 0x10, 0x00, 0x5f, 0xff, 0x40, 0x00, 0x04, 0xff, 0xf6, 0x00, 0x00, 0x0b, 0xff, 0xd0,
    0x00, 0x0d, 0xff, 0xb0, 0x00, 0x00, 0x01, 0xff, 0xf8, 0x00, 0x8f, 0xff, 0x20, 0x00, 0x00, 0x00, 0x6f, 0xff, 0x22, 0xff, 0xf6, 0x00, 0x00, 0x00,
    0x00, 0x0b, 0xff, 0xaa, 0xff, 0xc0, 0x00, 0x00, 0x00, 0x00, 0x01, 0xff, 0xff, 0xff, 0x20, 0x00, 0x00, 0x00, 0x00, 0x00, 0x6f, 0xff, 0xf7, 0x00,
    0x00, 0x00, 0x00, 0x00, 0x00, 0x2f, 0xff, 0xf2, 0x00, 0x00, 0x00, 0x00, 0x00, 0x00, 0xbf, 0xff, 0xfb, 0x00, 0x00, 0x00, 0x00, 0x00, 0x06, 0xff,
    0xee, 0xff, 0x60, 0x00, 0x00, 0x00, 0x00, 0x1f, 0xff, 0x66, 0xff, 0xf1, 0x00, 0x00, 0x00, 0x00, 0xbf, 0xfd, 0x00, 0xdf, 0xfb, 0x00, 0x00, 0x00,
    0x06, 0xff, 0xf3, 0x00, 0x3f, 0xff, 0x60, 0x00, 0x00, 0x1f, 0xff, 0x90, 0x00, 0x09, 0xff, 0xf1, 0x00, 0x00, 0xbf, 0xfe, 0x00, 0x00, 0x00, 0xef,
    0xfb, 0x00, 0x05, 0xff, 0xf5, 0x00, 0x00, 0x00, 0x5f, 0xff, 0x50, 0x07, 0xff, 0xf0, 0x00, 0x00, 0x00, 0x0e, 0xff, 0x70, 0x01, 0xff, 0xf5, 0x00,
    0x00, 0x00, 0x4f, 0xff, 0x10, 0x00, 0xaf, 0xfb, 0x00, 0x00, 0x00, 0xaf, 0xfb, 0x00, 0x00, 0x4f, 0xff, 0x10, 0x00, 0x00, 0xff, 0xf5, 0x00, 0x00,
    0x0d, 0xff, 0x70, 0x00, 0x05, 0xff, 0xf0, 0x00, 0x00, 0x07, 0xff, 0xd0, 0x00, 0x0a, 0xff, 0x90, 0x00, 0x00, 0x01, 0xff, 0xf3, 0x00, 0x0f, 0xff,
    0x30, 0x00, 0x00, 0x00, 0xbf, 0xf9, 0x00, 0x6f, 0xfe, 0x00, 0x00, 0x00, 0x00, 0x4f, 0xfe, 0x00, 0xbf, 0xf8, 0x00, 0x00, 0x00, 0x00, 0x0e, 0xff,
    0x51, 0xff, 0xf2, 0x00, 0x00, 0x00, 0x00, 0x08, 0xff, 0xa6, 0xff, 0xc0, 0x00, 0x00, 0x00, 0x00, 0x02, 0xff, 0xfa, 0xff, 0x60, 0x00, 0x00, 0x00,
    0x00, 0x00, 0xbf, 0xff, 0xff, 0x10, 0x00, 0x00, 0x00, 0x00, 0x00, 0x5f, 0xff, 0xfa, 0x00, 0x00, 0x00, 0x00, 0x00, 0x00, 0x0e, 0xff, 0xf4, 0x00,
    0x00, 0x00, 0x00, 0x00, 0x00, 0x09, 0xff, 0xe0, 0x00, 0x00, 0x00, 0x00, 0x00, 0x00, 0x0c, 0xff, 0x80, 0x00, 0x00, 0x00, 0x00, 0x00, 0x00, 0x2f,
    0xff, 0x20, 0x00, 0x00, 0x00, 0x00, 0x00, 0x00, 0x8f, 0xfc, 0x00, 0x00, 0x00, 0x00, 0x00, 0x00, 0x00, 0xef, 0xf7, 0x00, 0x00, 0x00, 0x00, 0x00,
    0x00, 0x04, 0xff, 0xf1, 0x00, 0x00, 0x00, 0x00, 0x00, 0x00, 0x0a, 0xff, 0xb0, 0x00, 0x00, 0x00, 0x00, 0x00, 0x3f, 0xff, 0xff, 0xff, 0xff, 0xff,
    0xf2, 0x00, 0x00, 0x3f, 0xff, 0xff, 0xff, 0xff, 0xff, 0xf2, 0x00, 0x00, 0x2e, 0xee, 0xee, 0xee, 0xef, 0xff, 0xf2, 0x00, 0x00, 0x00, 0x00, 0x00,
    0x00, 0x2e, 0xff, 0xc0, 0x00, 0x00, 0x00, 0x00, 0x00, 0x00, 0xdf, 0xfe, 0x10, 0x00, 0x00, 0x00, 0x00, 0x00, 0x0a, 0xff, 0xf3, 0x00, 0x00, 0x00,
    0x00, 0x00, 0x00, 0x7f, 0xff, 0x60, 0x00, 0x00, 0x00, 0x00, 0x00, 0x04, 0xff, 0xf8, 0x00, 0x00, 0x00, 0x00, 0x00, 0x00, 0x2f, 0xff, 0xb0, 0x00,
    0x00, 0x00, 0x00, 0x00, 0x00, 0xdf, 0xfd, 0x10, 0x00, 0x00, 0x00, 0x00, 0x00, 0x0b, 0xff, 0xf2, 0x00, 0x00, 0x00, 0x00, 0x00, 0x00, 0x8f, 0xff,
    0x40, 0x00, 0x00, 0x00, 0x00, 0x00, 0x05, 0xff, 0xf7, 0x00, 0x00, 0x00, 0x00, 0x00, 0x00, 0x2f, 0xff, 0xa0, 0x00, 0x00, 0x00, 0x00, 0x00, 0x00,
    0x7f, 0xff, 0xee, 0xee, 0xee, 0xee, 0xe6, 0x00, 0x00, 0x7f, 0xff, 0xff, 0xff, 0xff, 0xff, 0xf7, 0x00, 0x00, 0x7f, 0xff, 0xff, 0xff, 0xff, 0xff,
    0xf7, 0x00, 0x00, 0x00, 0x00, 0x00, 0x00, 0x39, 0xcd, 0xe3, 0x00, 0x00, 0x00, 0x00, 0x00, 0x08, 0xff, 0xff, 0xf3, 0x00, 0x00, 0x00, 0x00, 0x00,
    0x6f, 0xff, 0xff, 0xf3, 0x00, 0x00, 0x00, 0x00, 0x00, 0xdf, 0xfe, 0x40, 0x00, 0x00, 0x00, 0x00, 0x00, 0x00, 0xff, 0xf6, 0x00, 0x00, 0x00, 0x00,
    0x00, 0x00, 0x00, 0xff, 0xf4, 0x00, 0x00, 0x00, 0x00, 0x00, 0x00, 0x00, 0xdf, 0xf6, 0x00, 0x00, 0x00, 0x00, 0x00, 0x00, 0x00, 0xcf, 0xf7, 0x00,
    0x00, 0x00, 0x00, 0x00, 0x00, 0x00, 0xaf, 0xf8, 0x00, 0x00, 0x00, 0x00, 0x00, 0x00, 0x00, 0x9f, 0xfa, 0x00, 0x00, 0x00, 0x00, 0x00, 0x00, 0x00,
    0x8f, 0xfb, 0x00, 0x00, 0x00, 0x00, 0x00, 0x00, 0x00, 0x9f, 0xfa, 0x00, 0x00, 0x00, 0x00, 0x00, 0x00, 0x03, 0xff, 0xf5, 0x00, 0x00, 0x00, 0x00,
    0xbe, 0xee, 0xef, 0xff, 0x80, 0x00, 0x00, 0x00, 0x00, 0xdf, 0xff, 0xff, 0xc3, 0x00, 0x00, 0x00, 0x00, 0x00, 0xdf, 0xff, 0xff, 0xff, 0x60, 0x00,
    0x00, 0x00, 0x00, 0x00, 0x00, 0x05, 0xff, 0xf4, 0x00, 0x00, 0x00, 0x00, 0x00, 0x00, 0x00, 0xaf, 0xfa, 0x00, 0x00, 0x00, 0x00, 0x00, 0x00, 0x00,
    0x8f, 0xfb, 0x00, 0x00, 0x00, 0x00, 0x00, 0x00, 0x00, 0x9f, 0xfa, 0x00, 0x00, 0x00, 0x00, 0x00, 0x00, 0x00, 0xaf, 0xf9, 0x00, 0x00, 0x00, 0x00,
    0x00, 0x00, 0x00, 0xcf, 0xf7, 0x00, 0x00, 0x00, 0x00, 0x00, 0x00, 0x00, 0xdf, 0xf6, 0x00, 0x00, 0x00, 0x00, 0x00, 0x00, 0x00, 0xef, 0xf4, 0x00,
    0x00, 0x00, 0x00, 0x00, 0x00, 0x00, 0xff, 0xf5, 0x00, 0x00, 0x00, 0x00, 0x00, 0x00, 0x00, 0xdf, 0xfd, 0x20, 0x00, 0x00, 0x00, 0x00, 0x00, 0x00,
    0x7f, 0xff, 0xfe, 0xe3, 0x00, 0x00, 0x00, 0x00, 0x00, 0x0a, 0xff, 0xff, 0xf3, 0x00, 0x00, 0x00, 0x00, 0x00, 0x00, 0x5b, 0xef, 0xf3, 0x00, 0x00,
    0x00, 0x00, 0x0a, 0xff, 0xa0, 0x00, 0x00, 0x00, 0x00, 0x00, 0x00, 0x0a, 0xff, 0xa0, 0x00, 0x00, 0x00, 0x00, 0x00, 0x00, 0x0a, 0xff, 0xa0, 0x00,
    0x00, 0x00, 0x00, 0x00, 0x00, 0x0a, 0xff, 0xa0, 0x00, 0x00, 0x00, 0x00, 0x00, 0x00, 0x0a, 0xff, 0xa0, 0x00, 0x00, 0x00, 0x00, 0x00, 0x00, 0x0a,
    0xff, 0xa0, 0x00, 0x00, 0x00, 0x00, 0x00, 0x00, 0x0a, 0xff, 0xa0, 0x00, 0x00, 0x00, 0x00, 0x00, 0x00, 0x0a, 0xff, 0xa0, 0x00, 0x00, 0x00, 0x00,
    0x00, 0x00, 0x0a, 0xff, 0xa0, 0x00, 0x00, 0x00, 0x00, 0x00, 0x00, 0x0a, 0xff, 0xa0, 0x00, 0x00, 0x00, 0x00, 0x00, 0x00, 0x0a, 0xff, 0xa0, 0x00,
    0x00, 0x00, 0x00, 0x00, 0x00, 0x0a, 0xff, 0xa0, 0x00, 0x00, 0x00, 0x00, 0x00, 0x00, 0x0a, 0xff, 0xa0, 0x00, 0x00, 0x00, 0x00, 0x00, 0x00, 0x0a,
    0xff, 0xa0, 0x00, 0x00, 0x00, 0x00, 0x00, 0x00, 0x0a, 0xff, 0xa0, 0x00, 0x00, 0x00, 0x00, 0x00, 0x00, 0x0a, 0xff, 0xa0, 0x00, 0x00, 0x00, 0x00,
    0x00, 0x00, 0x0a, 0xff, 0xa0, 0x00, 0x00, 0x00, 0x00, 0x00, 0x00, 0x0a, 0xff, 0xa0, 0x00, 0x00, 0x00, 0x00, 0x00, 0x00, 0x0a, 0xff, 0xa0, 0x00,
    0x00, 0x00, 0x00, 0x00, 0x00, 0x0a, 0xff, 0xa0, 0x00, 0x00, 0x00, 0x00, 0x00, 0x00, 0x0a, 0xff, 0xa0, 0x00, 0x00, 0x00, 0x00, 0x00, 0x00, 0x0a,
    0xff, 0xa0, 0x00, 0x00, 0x00, 0x00, 0x00, 0x00, 0x0a, 0xff, 0xa0, 0x00, 0x00, 0x00, 0x00, 0x00, 0x00, 0x0a, 0xff, 0xa0, 0x00, 0x00, 0x00, 0x00,
    0x00, 0x00, 0x0a, 0xff, 0xa0, 0x00, 0x00, 0x00, 0x00, 0x00, 0x00, 0x0a, 0xff, 0xa0, 0x00, 0x00, 0x00, 0x00, 0x00, 0x00, 0x0a, 0xff, 0xa0, 0x00,
    0x00, 0x00, 0x00, 0x00, 0x00, 0x0a, 0xff, 0xa0, 0x00, 0x00, 0x00, 0x00, 0x00, 0x00, 0x0a, 0xff, 0xa0, 0x00, 0x00, 0x00, 0x00, 0x3e, 0xdc, 0x93,
    0x00, 0x00, 0x00, 0x00, 0x00, 0x00, 0x3f, 0xff, 0xff, 0x90, 0x00, 0x00, 0x00, 0x00, 0x00, 0x3f, 0xff, 0xff, 0xf7, 0x00, 0x00, 0x00, 0x00, 0x00,
    0x00, 0x04, 0xef, 0xfd, 0x00, 0x00, 0x00, 0x00, 0x00, 0x00, 0x00, 0x5f, 0xff, 0x00, 0x00, 0x00, 0x00, 0x00, 0x00, 0x00, 0x4f, 0xff, 0x00, 0x00,
    0x00, 0x00, 0x00, 0x00, 0x00, 0x6f, 0xfd, 0x00, 0x00, 0x00, 0x00, 0x00, 0x00, 0x00, 0x8f, 0xfb, 0x00, 0x00, 0x00, 0x00, 0x00, 0x00, 0x00, 0xaf,
    0xf9, 0x00, 0x00, 0x00, 0x00, 0x00, 0x00, 0x00, 0xcf, 0xf6, 0x00, 0x00, 0x00, 0x00, 0x00, 0x00, 0x00, 0xef, 0xf5, 0x00, 0x00, 0x00, 0x00, 0x00,
    0x00, 0x00, 0xef, 0xf5, 0x00, 0x00, 0x00, 0x00, 0x00, 0x00, 0x00, 0xaf, 0xfc, 0x10, 0x00, 0x00, 0x00, 0x00, 0x00, 0x00, 0x1c, 0xff, 0xfe, 0xee,
    0xeb, 0x00, 0x00, 0x00, 0x00, 0x00, 0x8f, 0xff, 0xff, 0xfd, 0x00, 0x00, 0x00, 0x00, 0x0b, 0xff, 0xff, 0xff, 0xfd, 0x00, 0x00, 0x00, 0x00, 0x9f,
    0xfd, 0x30, 0x00, 0x00, 0x00, 0x00, 0x00, 0x00, 0xef, 0xf6, 0x00, 0x00, 0x00, 0x00, 0x00, 0x00, 0x00, 0xef, 0xf5, 0x00, 0x00, 0x00, 0x00, 0x00,
    0x00, 0x00, 0xcf, 0xf6, 0x00, 0x00, 0x00, 0x00, 0x00, 0x00, 0x00, 0xaf, 0xf8, 0x00, 0x00, 0x00, 0x00, 0x00, 0x00, 0x00, 0x8f, 0xfa, 0x00, 0x00,
    0x00, 0x00, 0x00, 0x00, 0x00, 0x6f, 0xfd, 0x00, 0x00, 0x00, 0x00, 0x00, 0x00, 0x00, 0x4f, 0xff, 0x00, 0x00, 0x00, 0x00, 0x00, 0x00, 0x00, 0x5f,
    0xff, 0x00, 0x00, 0x00, 0x00, 0x00, 0x00, 0x02, 0xdf, 0xfe, 0x00, 0x00, 0x00, 0x00, 0x00, 0x3e, 0xef, 0xff, 0xf8, 0x00, 0x00, 0x00, 0x00, 0x00,
    0x3f, 0xff, 0xff, 0xb0, 0x00, 0x00, 0x00, 0x00, 0x00, 0x3f, 0xfe, 0xb5, 0x00, 0x00, 0x00, 0x00, 0x00, 0x00, 0x00, 0x69, 0x95, 0x00, 0x00, 0x02,
    0x44, 0x00, 0x00, 0x2e, 0xff, 0xff, 0xb1, 0x00, 0x0b, 0xff, 0x20, 0x00, 0xcf, 0xff, 0xff, 0xfb, 0x00, 0x0b, 0xff, 0x20, 0x01, 0xff, 0xe1, 0x2d,
    0xff, 0x90, 0x0c, 0xff, 0x20, 0x02, 0xff, 0xb0, 0x02, 0xff, 0xfc, 0xcf, 0xfe, 0x00, 0x02, 0xff, 0xb0, 0x00, 0x4f, 0xff, 0xff, 0xf5, 0x00, 0x01,
    0xaa, 0x70, 0x00, 0x03, 0xbf, 0xfc, 0x40, 0x00, 0x00, 0x00, 0x00, 0x00, 0x00, 0x00, 0x00, 0x00, 0x00, 0x00, 0x00, 0x00, 0x00, 0x00, 0x00, 0x00,
    0x00, 0x00, 0x00, 0x00, 0x00, 0x00, 0x00, 0x00, 0x00, 0x00, 0x00, 0x00, 0x00, 0x00, 0x00, 0x00, 0x00, 0x00, 0x00, 0x00, 0x00, 0x00, 0x00, 0x00,
    0x00, 0x00, 0x00, 0x00, 0x00, 0x00, 0x00, 0x00, 0x00, 0x00, 0x00, 0x00, 0x00, 0x00, 0x00, 0x00, 0x00, 0x00, 0x00, 0x00, 0x00, 0x00, 0x00, 0x00,
    0x00, 0x00, 0x5c, 0xff, 0xc5, 0x00, 0x00, 0x00, 0x00, 0x00, 0x09, 0xff, 0xff, 0xff, 0x90, 0x00, 0x00, 0x00, 0x00, 0x3f, 0xf8, 0x00, 0x8f, 0xf3,
    0x00, 0x00, 0x00, 0x00, 0x9f, 0xc0, 0x00, 0x0c, 0xf9, 0x00, 0x00, 0x00, 0x00, 0xaf, 0x90, 0x00, 0x09, 0xfa, 0x00, 0x00, 0x00, 0x00, 0x9f, 0xc0,
    0x00, 0x0c, 0xf9, 0x00, 0x00, 0x00, 0x00, 0x3f, 0xf8, 0x00, 0x8f, 0xf3, 0x00, 0x00, 0x00, 0x00, 0x09, 0xff, 0xff, 0xff, 0x90, 0x00, 0x00, 0x00,
    0x00, 0x00, 0x5c, 0xff, 0xc5, 0x00, 0x00, 0x00, 0x00, 0x00, 0x00, 0x00, 0x00, 0x00, 0x00, 0x00, 0x00, 0x00, 0x00, 0x00, 0x00, 0x00, 0x00, 0x00,
    0x00, 0x00, 0x00, 0x00, 0x00, 0x00, 0x00, 0x00, 0x00, 0x00, 0x00, 0x00, 0x00, 0x00, 0x00, 0x00, 0x00, 0x00, 0x00, 0x00, 0x00, 0x00, 0x00, 0x00,
    0x00, 0x00, 0x00, 0x00, 0x00, 0x00, 0x00, 0x00, 0x00, 0x00, 0x00, 0x00, 0x00, 0x00, 0x00, 0x00, 0x00, 0x00, 0x00, 0x00, 0x00, 0x00, 0x00, 0x00,
    0x00, 0x00, 0x00, 0x00, 0x00, 0x00, 0x00, 0x00, 0x00, 0x00, 0x00, 0x00, 0x00, 0x00, 0x00, 0x00, 0x00, 0x00, 0x00, 0x00, 0x00, 0x00, 0x00, 0x00,
    0x00, 0x00, 0x00, 0x00, 0x00, 0x00, 0x00, 0x00, 0x00, 0x00, 0x00, 0x00, 0x00, 0x00, 0x00, 0x00, 0x00, 0x00, 0x00, 0x00, 0x00, 0x00, 0x00, 0x00,
    0x00, 0x00, 0x00, 0x00, 0x00, 0x00, 0x00, 0x00, 0x08, 0xee, 0x80, 0x00, 0x00, 0x00, 0x00, 0x00, 0x00, 0x6f, 0xff, 0xf6, 0x00, 0x00, 0x00, 0x00,
    0x00, 0x00, 0x9f, 0xff, 0xf9, 0x00, 0x00, 0x00, 0x00, 0x00, 0x00, 0x6f, 0xff, 0xf6, 0x00, 0x00, 0x00, 0x00, 0x00, 0x00, 0x09, 0xee, 0x90, 0x00,
    0x00, 0x00, 0x00, 0x00, 0x00, 0x00, 0x00, 0x00, 0x00, 0x00, 0x00, 0x00, 0x00, 0x00, 0x00, 0x00, 0x00, 0x00, 0x00, 0x00, 0x00, 0x00, 0x00, 0x00,
    0x00, 0x00, 0x00, 0x00, 0x00, 0x00, 0x00, 0x00, 0x00, 0x00, 0x00, 0x00, 0x00, 0x00, 0x00, 0x00, 0x00, 0x00, 0x00, 0x00, 0x00, 0x00, 0x00, 0x00,
    0x00, 0x00, 0x00, 0x00, 0x00, 0x00, 0x00, 0x00, 0x00, 0x00, 0x00, 0x00, 0x00, 0x00, 0x00, 0x00, 0x00, 0x00, 0x00, 0x00, 0x00, 0x00, 0x00, 0x00,
    0x00, 0x00, 0x00, 0x00, 0x00, 0x2a, 0xff, 0xa2, 0x00, 0x00, 0x00, 0x00, 0x00, 0x01, 0xef, 0xff, 0xfe, 0x10, 0x00, 0x00, 0x00, 0x00, 0x07, 0xff,
    0xff, 0xff, 0x70, 0x00, 0x00, 0x00, 0x00, 0x0a, 0xff, 0xff, 0xff, 0xb0, 0x00, 0x00, 0x00, 0x00, 0x0a, 0xff, 0xff, 0xff, 0xb0, 0x00, 0x00, 0x00,
    0x00, 0x07, 0xff, 0xff, 0xff, 0x80, 0x00, 0x00, 0x00, 0x00, 0x01, 0xef, 0xff, 0xfe, 0x10, 0x00, 0x00, 0x00, 0x00, 0x00, 0x2b, 0xff, 0xb2, 0x00,
    0x00, 0x00, 0x00, 0x00, 0x00, 0x00, 0x00, 0x00, 0x00, 0x00, 0x00, 0x00, 0x00, 0x00, 0x00, 0x00, 0x00, 0x00, 0x00, 0x00, 0x00, 0x00, 0x00, 0x00,
    0x00, 0x00, 0x00, 0x00, 0x00, 0x00, 0x00, 0x00, 0x00, 0x00, 0x00, 0x00, 0x00, 0x00, 0x00, 0x00, 0x00, 0x00, 0x00, 0x00, 0x00, 0x00, 0x00, 0x00,
    0x00, 0x00, 0x00, 0x00, 0x00, 0x00, 0x00, 0x00, 0x00, 0x00, 0x00, 0x00, 0x00, 0x00, 0x00, 0x00, 0x00, 0x00, 0xbf, 0x60, 0x02, 0xdd, 0x20, 0x06,
    0xfb, 0x00, 0x04, 0xff, 0xe0, 0x09, 0xff, 0x90, 0x0d, 0xff, 0x40, 0x05, 0xff, 0xf0, 0x0a, 0xff, 0xa0, 0x0e, 0xff, 0x50, 0x05, 0xff, 0xf0, 0x0a,
    0xff, 0xa0, 0x0e, 0xff, 0x50, 0x04, 0xff, 0xe0, 0x09, 0xff, 0x90, 0x0d, 0xff, 0x40, 0x00, 0xbf, 0x60, 0x02, 0xdd, 0x20, 0x06, 0xfb, 0x00, 0x00,
    0x00, 0x00, 0x04, 0xff, 0xf6, 0x00, 0x00, 0x00, 0x00, 0x00, 0x00, 0x00, 0x7f, 0xff, 0x30, 0x00, 0x00, 0x00, 0x00, 0x00, 0x00, 0x0a, 0xff, 0xe1,
    0x00, 0x00, 0x00, 0x00, 0x00, 0x00, 0x00, 0xdf, 0xfc, 0x00, 0x00, 0x00, 0x00, 0x00, 0x00, 0x00, 0x2f, 0xff, 0x80, 0x00, 0x00, 0x00, 0x00, 0x00,
    0x00, 0x05, 0xff, 0xf5, 0x00, 0x00, 0x00, 0x00, 0x00, 0x00, 0x00, 0x7f, 0xff, 0x20, 0x5d, 0xdd, 0xdd, 0xdd, 0xdd, 0xdd, 0xdf, 0xff, 0xd0, 0x6f,
    0xff, 0xff, 0xff, 0xff, 0xff, 0xff, 0xff, 0xf8, 0x6f, 0xff, 0xff, 0xff, 0xff, 0xff, 0xff, 0xff, 0xd1, 0x00, 0x00, 0x00, 0x00, 0x00, 0x00, 0x4e,
    0xff, 0x30, 0x00, 0x00, 0x00, 0x00, 0x00, 0x03, 0xff, 0xf5, 0x00, 0x00, 0x00, 0x00, 0x00, 0x00, 0x1e, 0xff, 0x90, 0x00, 0x00, 0x00, 0x00, 0x00,
    0x00, 0xcf, 0xfc, 0x00, 0x00, 0x00, 0x00, 0x00, 0x00, 0x09, 0xff, 0xe1, 0x00, 0x00, 0x00, 0x00, 0x00, 0x00, 0x6f, 0xff, 0x30, 0x00, 0x00, 0x00,
    0x00, 0x00, 0x03, 0xff, 0xf6, 0x00, 0x00, 0x00, 0x00, 0x00, 0x00, 0x00, 0x00, 0x00, 0x00, 0x00, 0x00, 0x9f, 0xff, 0xff, 0xff, 0xff, 0xff, 0xff,
    0xff, 0xff, 0xf9, 0x9f, 0xff, 0xff, 0xff, 0xff, 0xff, 0xff, 0xff, 0xff, 0xf9, 0x9f, 0xff, 0xff, 0xff, 0xff, 0xff, 0xff, 0xff, 0xff, 0xf9, 0x00,
    0x00, 0x00, 0x00, 0x00, 0x00, 0x00, 0x00, 0x00, 0x00, 0x00, 0x00, 0x00, 0x00, 0x00, 0x00, 0x00, 0x00, 0x00, 0x00, 0x00, 0x00, 0x00, 0x00, 0x00,
    0x00, 0x00, 0x00, 0x00, 0x00, 0x00, 0x00, 0x00, 0x00, 0x00, 0x00, 0x00, 0x00, 0x00, 0x00, 0x00, 0x00, 0x00, 0x00, 0x00, 0x00, 0x00, 0x00, 0x00,
    0x00, 0x00, 0x00, 0x00, 0x00, 0x00, 0x00, 0x00, 0x00, 0x00, 0x00, 0x00, 0x00, 0x00, 0x00, 0x00, 0x00, 0x00, 0x00, 0x00, 0x00, 0x00, 0x00, 0x00,
    0x00, 0x00, 0x00, 0x00, 0x00, 0x00, 0x00, 0x00, 0x00, 0x00, 0x00, 0x00, 0x00, 0x00, 0x00, 0x00, 0x00, 0x00, 0x00, 0x00, 0x00, 0x00, 0x00, 0x00,
    0x00, 0x00, 0x00, 0x88, 0x88, 0x88, 0x88, 0x88, 0x88, 0x88, 0x88, 0x88, 0xff, 0xff, 0xff, 0xff, 0xff, 0xff, 0xff, 0xff, 0xff, 0xff, 0xff, 0xff,
    0xff, 0xff, 0xff, 0xff, 0xff, 0xff, 0xff, 0xff, 0xff, 0xff, 0xff, 0xff, 0xff, 0xff, 0xff, 0xff, 0xff, 0xff, 0xff, 0xff, 0xff, 0xff, 0xff, 0xff,
    0xff, 0xff, 0xff, 0xff, 0xff, 0xff, 0xff, 0xff, 0xff, 0xff, 0xff, 0xff, 0xff, 0xff, 0xff, 0xff, 0xff, 0xff, 0xff, 0xff, 0xff, 0xff, 0xff, 0xff,
    0xff, 0xff, 0xff, 0xff, 0xff, 0xff, 0xff, 0xff, 0xff, 0xff, 0xff, 0xff, 0xff, 0xff, 0xff, 0xff, 0xff, 0xff, 0xff, 0xff, 0xff, 0xff, 0xff, 0xff,
    0xff, 0xff, 0xff, 0xff, 0xff, 0xff, 0xff, 0xff, 0xff, 0xff, 0xff, 0xff, 0xff, 0xff, 0xff, 0xff, 0xff, 0xff, 0xff, 0xff, 0xff, 0xff, 0xff, 0xff,
    0xff, 0xff, 0xff, 0xff, 0xff, 0xff, 0xff, 0xff, 0xff, 0xff, 0xff, 0xff, 0xff, 0xff, 0xff, 0xff, 0xff, 0xff, 0xff, 0xff, 0xff, 0xff, 0xff, 0xff,
    0xff, 0xff, 0xff, 0xff, 0xff, 0xff, 0xff, 0xff, 0xff, 0xff, 0xff, 0xff, 0xff, 0xff, 0xff, 0xff, 0xff, 0xff, 0xff, 0xff, 0xff, 0xff, 0xff, 0xff,
    0xff, 0xff, 0xff, 0xff, 0xff, 0xff, 0xff, 0xff, 0xff, 0xff, 0xff, 0xff, 0xff, 0xff, 0xff, 0xff, 0xff, 0xff, 0xff, 0xff, 0xff, 0xff, 0xff, 0xff,
    0xff, 0xff, 0xff, 0xff, 0xff, 0xff, 0xff, 0xff, 0xff, 0xff, 0xff, 0xff, 0xff, 0xff, 0xff, 0xff, 0xff, 0xff, 0xff, 0xff, 0xff, 0xff, 0xff, 0xff,
    0xff, 0xff, 0xff, 0xff, 0xff, 0xff, 0xff, 0xff, 0xff, 0xff, 0xff, 0xff, 0xff, 0xff, 0xff, 0xff, 0xff, 0xff, 0xff, 0xff, 0xff, 0xff, 0xff, 0xff,
    0xff, 0xff, 0xff, 0xff, 0xff, 0xff, 0xff, 0xff, 0xff, 0xff, 0xff, 0xff, 0xff, 0xff, 0xff, 0xff, 0xff, 0xff, 0xff, 0xff, 0xff, 0xff, 0xff, 0xff,
    0xff, 0xff, 0xff, 0xff, 0xff, 0xff, 0xff, 0xff, 0xff, 0xff, 0xff, 0xff, 0xff, 0xff, 0xff, 0xff, 0xff, 0xff, 0xff, 0xff, 0xff, 0xff, 0xff, 0xff,
    0xff, 0xff, 0xff, 0xff, 0xff, 0xff, 0xff, 0xff, 0xff, 0xff, 0xff, 0xff, 0xff, 0xff, 0xff, 0xff, 0xff, 0xff, 0xff, 0xff, 0xff, 0xff, 0xff, 0xff,
    0xff, 0xff, 0xff, 0xff, 0xff, 0xff, 0xff, 0xff, 0xff, 0xff, 0xff, 0xff, 0xff, 0xff, 0xff, 0xff, 0xff, 0xff, 0xff, 0xff, 0xff, 0xff, 0xff, 0xff,
    0xff, 0xff, 0xff, 0xff, 0xff, 0xff, 0xff, 0xff, 0xff, 0xff, 0xff, 0xff, 0xff, 0xff, 0xff, 0xff, 0xff, 0xff, 0xff, 0xff, 0xff, 0xff, 0xff, 0xff,
    0xff, 0xff, 0xff, 0x88, 0x88, 0x88, 0x88, 0x80, 0x00, 0x00, 0x00, 0x00, 0xff, 0xff, 0xff, 0xff, 0xf0, 0x00, 0x00, 0x00, 0x00, 0xff, 0xff, 0xff,
    0xff, 0xf0, 0x00, 0x00, 0x00, 0x00, 0xff, 0xff, 0xff, 0xff, 0xf0, 0x00, 0x00, 0x00, 0x00, 0xff, 0xff, 0xff, 0xff, 0xf0, 0x00, 0x00, 0x00, 0x00,
    0xff, 0xff, 0xff, 0xff, 0xf0, 0x00, 0x00, 0x00, 0x00, 0xff, 0xff, 0xff, 0xff, 0xf0, 0x00, 0x00, 0x00, 0x00, 0xff, 0xff, 0xff, 0xff, 0xf0, 0x00,
    0x00, 0x00, 0x00, 0xff, 0xff, 0xff, 0xff, 0xf0, 0x00, 0x00, 0x00, 0x00, 0xff, 0xff, 0xff, 0xff, 0xf0, 0x00, 0x00, 0x00, 0x00, 0xff, 0xff, 0xff,
    0xff, 0xf0, 0x00, 0x00, 0x00, 0x00, 0xff, 0xff, 0xff, 0xff, 0xf0, 0x00, 0x00, 0x00, 0x00, 0xff, 0xff, 0xff, 0xff, 0xf0, 0x00, 0x00, 0x00, 0x00,
    0xff, 0xff, 0xff, 0xff, 0xf0, 0x00, 0x00, 0x00, 0x00, 0xff, 0xff, 0xff, 0xff, 0xf0, 0x00, 0x00, 0x00, 0x00, 0xff, 0xff, 0xff, 0xff, 0xf0, 0x00,
    0x00, 0x00, 0x00, 0xff, 0xff, 0xff, 0xff, 0xf0, 0x00, 0x00, 0x00, 0x00, 0xff, 0xff, 0xff, 0xff, 0xf0, 0x00, 0x00, 0x00, 0x00, 0xff, 0xff, 0xff,
    0xff, 0xf0, 0x00, 0x00, 0x00, 0x00, 0xff, 0xff, 0xff, 0xff, 0xf0, 0x00, 0x00, 0x00, 0x00, 0xff, 0xff, 0xff, 0xff, 0xf0, 0x00, 0x00, 0x00, 0x00,
    0xff, 0xff, 0xff, 0xff, 0xf0, 0x00, 0x00, 0x00, 0x00, 0xff, 0xff, 0xff, 0xff, 0xf0, 0x00, 0x00, 0x00, 0x00, 0xff, 0xff, 0xff, 0xff, 0xf0, 0x00,
    0x00, 0x00, 0x00, 0xff, 0xff, 0xff, 0xff, 0xf0, 0x00, 0x00, 0x00, 0x00, 0xff, 0xff, 0xff, 0xff, 0xf0, 0x00, 0x00, 0x00, 0x00, 0xff, 0xff, 0xff,
    0xff, 0xf0, 0x00, 0x00, 0x00, 0x00, 0xff, 0xff, 0xff, 0xff, 0xf0, 0x00, 0x00, 0x00, 0x00, 0xff, 0xff, 0xff, 0xff, 0xf0, 0x00, 0x00, 0x00, 0x00,
    0xff, 0xff, 0xff, 0xff, 0xf0, 0x00, 0x00, 0x00, 0x00, 0xff, 0xff, 0xff, 0xff, 0xf0, 0x00, 0x00, 0x00, 0x00, 0xff, 0xff, 0xff, 0xff, 0xf0, 0x00,
    0x00, 0x00, 0x00, 0xff, 0xff, 0xff, 0xff, 0xf0, 0x00, 0x00, 0x00, 0x00, 0xff, 0xff, 0xff, 0xff, 0xf0, 0x00, 0x00, 0x00, 0x00, 0xff, 0xff, 0xff,
    0xff, 0xf0, 0x00, 0x00, 0x00, 0x00, 0xff, 0xff, 0xff, 0xff, 0xf0, 0x00, 0x00, 0x00, 0x00, 0xff, 0xff, 0xff, 0xff, 0xf0, 0x00, 0x00, 0x00, 0x00,
    0xff, 0xff, 0xff, 0xff, 0xf0, 0x00, 0x00, 0x00, 0x00, 0xff, 0xff, 0xff, 0xff, 0xf0, 0x00, 0x00, 0x00, 0x00, 0xff, 0xff, 0xff, 0xff, 0xf0, 0x00,
    0x00, 0x00, 0x00, 0x00, 0x00, 0x00, 0x00, 0x00, 0x00, 0x00, 0x00, 0x00, 0x00, 0x00, 0x00, 0x00, 0x00, 0x06, 0x60, 0x00, 0x00, 0x00, 0x00, 0x00,
    0x00, 0x00, 0x00, 0x0e, 0xe0, 0x00, 0x00, 0x00, 0x00, 0x00, 0x00, 0x00, 0x00, 0x6f, 0xf6, 0x00, 0x00, 0x00, 0x00, 0x00, 0x00, 0x00, 0x00, 0xef,
    0xfe, 0x00, 0x00, 0x00, 0x00, 0x00, 0x00, 0x00, 0x07, 0xff, 0xff, 0x60, 0x00, 0x00, 0x00, 0x00, 0x00, 0x00, 0x0e, 0xff, 0xff, 0xe0, 0x00, 0x00,
    0x00, 0x00, 0x00, 0x00, 0x7f, 0xff, 0xff, 0xf7, 0x00, 0x00, 0x00, 0x00, 0x00, 0x00, 0xef, 0xff, 0xff, 0xfe, 0x00, 0x00, 0x00, 0x00, 0x00, 0x07,
    0xff, 0xff, 0xff, 0xff, 0x70, 0x00, 0x00, 0x00, 0x00, 0x0e, 0xff, 0xff, 0xff, 0xff, 0xe0, 0x00, 0x00, 0x00, 0x00, 0x7f, 0xff, 0xff, 0xff, 0xff,
    0xf7, 0x00, 0x00, 0x00, 0x00, 0xef, 0xff, 0xff, 0xff, 0xff, 0xfe, 0x00, 0x00, 0x00, 0x08, 0xff, 0xff, 0xff, 0xff, 0xff, 0xff, 0x80, 0x00, 0x00,
    0x1f, 0xff, 0xff, 0xff, 0xff, 0xff, 0xff, 0xf1, 0x00, 0x00, 0x8f, 0xff, 0xff, 0xff, 0xff, 0xff, 0xff, 0xf8, 0x00, 0x01, 0xff, 0xff, 0xff, 0xff,
    0xff, 0xff, 0xff, 0xff, 0x10, 0x08, 0xff, 0xff, 0xff, 0xff, 0xff, 0xff, 0xff, 0xff, 0x80, 0x1f, 0xff, 0xff, 0xff, 0xff, 0xff, 0xff, 0xff, 0xff,
    0xf1, 0x00, 0x00, 0x00, 0x00, 0x00, 0x00, 0x00, 0x00, 0x00, 0x00, 0x00, 0x00, 0x00, 0x00, 0x00, 0x00, 0x00, 0x00, 0x00, 0x00, 0x1f, 0xff, 0xff,
    0xff, 0xff, 0xff, 0xff, 0xff, 0xff, 0xf1, 0x08, 0xff, 0xff, 0xff, 0xff, 0xff, 0xff, 0xff, 0xff, 0x80, 0x01, 0xff, 0xff, 0xff, 0xff, 0xff, 0xff,
    0xff, 0xff, 0x10, 0x00, 0x8f, 0xff, 0xff, 0xff, 0xff, 0xff, 0xff, 0xf8, 0x00, 0x00, 0x1f, 0xff, 0xff, 0xff, 0xff, 0xff, 0xff, 0xf1, 0x00, 0x00,
    0x08, 0xff, 0xff, 0xff, 0xff, 0xff, 0xff, 0x80, 0x00, 0x00, 0x00, 0xef, 0xff, 0xff, 0xff, 0xff, 0xfe, 0x00, 0x00, 0x00, 0x00, 0x7f, 0xff, 0xff,
    0xff, 0xff, 0xf7, 0x00, 0x00, 0x00, 0x00, 0x0e, 0xff, 0xff, 0xff, 0xff, 0xe0, 0x00, 0x00, 0x00, 0x00, 0x07, 0xff, 0xff, 0xff, 0xff, 0x70, 0x00,
    0x00, 0x00, 0x00, 0x00, 0xef, 0xff, 0xff, 0xfe, 0x00, 0x00, 0x00, 0x00, 0x00, 0x00, 0x7f, 0xff, 0xff, 0xf7, 0x00, 0x00, 0x00, 0x00, 0x00, 0x00,
    0x0e, 0xff, 0xff, 0xe0, 0x00, 0x00, 0x00, 0x00, 0x00, 0x00, 0x07, 0xff, 0xff, 0x60, 0x00, 0x00, 0x00, 0x00, 0x00, 0x00, 0x00, 0xef, 0xfe, 0x00,
    0x00, 0x00, 0x00, 0x00, 0x00, 0x00, 0x00, 0x6f, 0xf6, 0x00, 0x00, 0x00, 0x00, 0x00, 0x00, 0x00, 0x00, 0x0e, 0xe0, 0x00, 0x00, 0x00, 0x00, 0x00,
    0x00, 0x00, 0x00, 0x06, 0x60, 0x00, 0x00, 0x00, 0x00, 0x00, 0x00, 0x00, 0x00, 0x00, 0x00, 0x00, 0x00, 0x00, 0x00, 0x00, 0x00, 0x00, 0x00, 0x00,
    0x00, 0x00, 0x00, 0x00, 0x00, 0x00, 0x00, 0x00, 0x02, 0x67, 0x76, 0x20, 0x00, 0x00, 0x00, 0x00, 0x00, 0x06, 0xdf, 0xff, 0xff, 0xfd, 0x60, 0x00,
    0x00, 0x00, 0x01, 0xbf, 0xff, 0xff, 0xff, 0xff, 0xfb, 0x10, 0x00, 0x00, 0x1d, 0xff, 0xff, 0xff, 0xff, 0xff, 0xff, 0xd0, 0x00, 0x00, 0xbf, 0xff,
    0xff, 0xff, 0xff, 0xff, 0xff, 0xfa, 0x00, 0x05, 0xff, 0xff, 0xff, 0xff, 0xff, 0xff, 0xff, 0xff, 0x50, 0x0c, 0xff, 0xff, 0xff, 0xff, 0xff, 0xff,
    0xff, 0xff, 0xb0, 0x0f, 0xff, 0xff, 0xff, 0xff, 0xff, 0xff, 0xff, 0xff, 0xf0, 0x3f, 0xff, 0xff, 0xff, 0xff, 0xff, 0xff, 0xff, 0xff, 0xf3, 0x4f,
    0xff, 0xff, 0xff, 0xff, 0xff, 0xff, 0xff, 0xff, 0xf4, 0x4f, 0xff, 0xff, 0xff, 0xff, 0xff, 0xff, 0xff, 0xff, 0xf4, 0x2f, 0xff, 0xff, 0xff, 0xff,
    0xff, 0xff, 0xff, 0xff, 0xf2, 0x0e, 0xff, 0xff, 0xff, 0xff, 0xff, 0xff, 0xff, 0xff, 0xe0, 0x08, 0xff, 0xff, 0xff, 0xff, 0xff, 0xff, 0xff, 0xff,
    0x80, 0x01, 0xff, 0xff, 0xff, 0xff, 0xff, 0xff, 0xff, 0xfe, 0x10, 0x00, 0x5f, 0xff, 0xff, 0xff, 0xff, 0xff, 0xff, 0xf4, 0x00, 0x00, 0x07, 0xff,
    0xff, 0xff, 0xff, 0xff, 0xff, 0x70, 0x00, 0x00, 0x00, 0x4e, 0xff, 0xff, 0xff, 0xff, 0xe4, 0x00, 0x00, 0x00, 0x00, 0x00, 0x5a, 0xef, 0xfe, 0xb6,
    0x00, 0x00, 0x00, 0x00, 0x00, 0x00, 0x00, 0x00, 0x00, 0x00, 0x00, 0x00, 0x00, 0x00, 0x00, 0x00, 0x00, 0x00, 0x00, 0x00, 0x00, 0x00, 0x00,
};

static const lv_font_fmt_txt_glyph_dsc_t glyph_dsc[] = {
    {.bitmap_index = 0, .adv_w = 0, .box_w = 0, .box_h = 0, .ofs_x = 0, .ofs_y = 0} /* id = 0 reserved */,
    {.bitmap_index = 0, .adv_w = 288, .box_w = 0, .box_h = 0, .ofs_x = 0, .ofs_y = 0}, /* U+0020 */
    {.bitmap_index = 0, .adv_w = 288, .box_w = 18, .box_h = 22, .ofs_x = 0, .ofs_y = 0}, /* U+0021 */
    {.bitmap_index = 198, .adv_w = 288, .box_w = 18, .box_h = 22, .ofs_x = 0, .ofs_y = 0}, /* U+0022 */
    {.bitmap_index = 396, .adv_w = 288, .box_w = 18, .box_h = 22, .ofs_x = 0, .ofs_y = 0}, /* U+0023 */
    {.bitmap_index = 594, .adv_w = 288, .box_w = 18, .box_h = 31, .ofs_x = 0, .ofs_y = -4}, /* U+0024 */
    {.bitmap_index = 873, .adv_w = 288, .box_w = 18, .box_h = 22, .ofs_x = 0, .ofs_y = 0}, /* U+0025 */
    {.bitmap_index = 1071, .adv_w = 288, .box_w = 19, .box_h = 22, .ofs_x = 0, .ofs_y = 0}, /* U+0026 */
    {.bitmap_index = 1280, .adv_w = 288, .box_w = 18, .box_h = 22, .ofs_x = 0, .ofs_y = 0}, /* U+0027 */
    {.bitmap_index = 1478, .adv_w = 288, .box_w = 18, .box_h = 30, .ofs_x = 0, .ofs_y = -4}, /* U+0028 */
    {.bitmap_index = 1748, .adv_w = 288, .box_w = 18, .box_h = 30, .ofs_x = 0, .ofs_y = -4}, /* U+0029 */
    {.bitmap_index = 2018, .adv_w = 288, .box_w = 18, .box_h = 19, .ofs_x = 0, .ofs_y = 0}, /* U+002A */
    {.bitmap_index = 2189, .adv_w = 288, .box_w = 18, .box_h = 17, .ofs_x = 0, .ofs_y = 0}, /* U+002B */
    {.bitmap_index = 2342, .adv_w = 288, .box_w = 18, .box_h = 9, .ofs_x = 0, .ofs_y = -5}, /* U+002C */
    {.bitmap_index = 2423, .adv_w = 288, .box_w = 18, .box_h = 12, .ofs_x = 0, .ofs_y = 0}, /* U+002D */
    {.bitmap_index = 2531, .adv_w = 288, .box_w = 18, .box_h = 5, .ofs_x = 0, .ofs_y = 0}, /* U+002E */
    {.bitmap_index = 2576, .adv_w = 288, .box_w = 18, .box_h = 29, .ofs_x = 0, .ofs_y = -3}, /* U+002F */
    {.bitmap_index = 2837, .adv_w = 288, .box_w = 18, .box_h = 22, .ofs_x = 0, .ofs_y = 0}, /* U+0030 */
    {.bitmap_index = 3035, .adv_w = 288, .box_w = 18, .box_h = 22, .ofs_x = 0, .ofs_y = 0}, /* U+0031 */
    {.bitmap_index = 3233, .adv_w = 288, .box_w = 18, .box_h = 22, .ofs_x = 0, .ofs_y = 0}, /* U+0032 */
    {.bitmap_index = 3431, .adv_w = 288, .box_w = 18, .box_h = 22, .ofs_x = 0, .ofs_y = 0}, /* U+0033 */
    {.bitmap_index = 3629, .adv_w = 288, .box_w = 18, .box_h = 22, .ofs_x = 0, .ofs_y = 0}, /* U+0034 */
    {.bitmap_index = 3827, .adv_w = 288, .box_w = 18, .box_h = 22, .ofs_x = 0, .ofs_y = 0}, /* U+0035 */
    {.bitmap_index = 4025, .adv_w = 288, .box_w = 18, .box_h = 22, .ofs_x = 0, .ofs_y = 0}, /* U+0036 */
    {.bitmap_index = 4223, .adv_w = 288, .box_w = 18, .box_h = 22, .ofs_x = 0, .ofs_y = 0}, /* U+0037 */
    {.bitmap_index = 4421, .adv_w = 288, .box_w = 18, .box_h = 22, .ofs_x = 0, .ofs_y = 0}, /* U+0038 */
    {.bitmap_index = 4619, .adv_w = 288, .box_w = 18, .box_h = 22, .ofs_x = 0, .ofs_y = 0}, /* U+0039 */
    {.bitmap_index = 4817, .adv_w = 288, .box_w = 18, .box_h = 17, .ofs_x = 0, .ofs_y = 0}, /* U+003A */
    {.bitmap_index = 4970, .adv_w = 288, .box_w = 18, .box_h = 22, .ofs_x = 0, .ofs_y = -5}, /* U+003B */
    {.bitmap_index = 5168, .adv_w = 288, .box_w = 18, .box_h = 18, .ofs_x = 0, .ofs_y = 0}, /* U+003C */
    {.bitmap_index = 5330, .adv_w = 288, .box_w = 18, .box_h = 15, .ofs_x = 0, .ofs_y = 0}, /* U+003D */
    {.bitmap_index = 5465, .adv_w = 288, .box_w = 18, .box_h = 18, .ofs_x = 0, .ofs_y = 0}, /* U+003E */
    {.bitmap_index = 5627, .adv_w = 288, .box_w = 18, .box_h = 22, .ofs_x = 0, .ofs_y = 0}, /* U+003F */
    {.bitmap_index = 5825, .adv_w = 288, .box_w = 18, .box_h = 27, .ofs_x = 0, .ofs_y = -5}, /* U+0040 */
    {.bitmap_index = 6068, .adv_w = 288, .box_w = 18, .box_h = 22, .ofs_x = 0, .ofs_y = 0}, /* U+0041 */
    {.bitmap_index = 6266, .adv_w = 288, .box_w = 18, .box_h = 22, .ofs_x = 0, .ofs_y = 0}, /* U+0042 */
    {.bitmap_index = 6464, .adv_w = 288, .box_w = 18, .box_h = 22, .ofs_x = 0, .ofs_y = 0}, /* U+0043 */
    {.bitmap_index = 6662, .adv_w = 288, .box_w = 18, .box_h = 22, .ofs_x = 0, .ofs_y = 0}, /* U+0044 */
    {.bitmap_index = 6860, .adv_w = 288, .box_w = 18, .box_h = 22, .ofs_x = 0, .ofs_y = 0}, /* U+0045 */
    {.bitmap_index = 7058, .adv_w = 288, .box_w = 18, .box_h = 22, .ofs_x = 0, .ofs_y = 0}, /* U+0046 */
    {.bitmap_index = 7256, .adv_w = 288, .box_w = 18, .box_h = 22, .ofs_x = 0, .ofs_y = 0}, /* U+0047 */
    {.bitmap_index = 7454, .adv_w = 288, .box_w = 18, .box_h = 22, .ofs_x = 0, .ofs_y = 0}, /* U+0048 */
    {.bitmap_index = 7652, .adv_w = 288, .box_w = 18, .box_h = 22, .ofs_x = 0, .ofs_y = 0}, /* U+0049 */
    {.bitmap_index = 7850, .adv_w = 288, .box_w = 18, .box_h = 22, .ofs_x = 0, .ofs_y = 0}, /* U+004A */
    {.bitmap_index = 8048, .adv_w = 288, .box_w = 18, .box_h = 22, .ofs_x = 0, .ofs_y = 0}, /* U+004B */
    {.bitmap_index = 8246, .adv_w = 288, .box_w = 18, .box_h = 22, .ofs_x = 0, .ofs_y = 0}, /* U+004C */
    {.bitmap_index = 8444, .adv_w = 288, .box_w = 18, .box_h = 22, .ofs_x = 0, .ofs_y = 0}, /* U+004D */
    {.bitmap_index = 8642, .adv_w = 288, .box_w = 18, .box_h = 22, .ofs_x = 0, .ofs_y = 0}, /* U+004E */
    {.bitmap_index = 8840, .adv_w = 288, .box_w = 18, .box_h = 22, .ofs_x = 0, .ofs_y = 0}, /* U+004F */
    {.bitmap_index = 9038, .adv_w = 288, .box_w = 18, .box_h = 22, .ofs_x = 0, .ofs_y = 0}, /* U+0050 */
    {.bitmap_index = 9236, .adv_w = 288, .box_w = 18, .box_h = 27, .ofs_x = 0, .ofs_y = -5}, /* U+0051 */
    {.bitmap_index = 9479, .adv_w = 288, .box_w = 18, .box_h = 22, .ofs_x = 0, .ofs_y = 0}, /* U+0052 */
    {.bitmap_index = 9677, .adv_w = 288, .box_w = 18, .box_h = 22, .ofs_x = 0, .ofs_y = 0}, /* U+0053 */
    {.bitmap_index = 9875, .adv_w = 288, .box_w = 18, .box_h = 22, .ofs_x = 0, .ofs_y = 0}, /* U+0054 */
    {.bitmap_index = 10073, .adv_w = 288, .box_w = 18, .box_h = 22, .ofs_x = 0, .ofs_y = 0}, /* U+0055 */
    {.bitmap_index = 10271, .adv_w = 288, .box_w = 18, .box_h = 22, .ofs_x = 0, .ofs_y = 0}, /* U+0056 */
    {.bitmap_index = 10469, .adv_w = 288, .box_w = 18, .box_h = 22, .ofs_x = 0, .ofs_y = 0}, /* U+0057 */
    {.bitmap_index = 10667, .adv_w = 288, .box_w = 18, .box_h = 22, .ofs_x = 0, .ofs_y = 0}, /* U+0058 */
    {.bitmap_index = 10865, .adv_w = 288, .box_w = 18, .box_h = 22, .ofs_x = 0, .ofs_y = 0}, /* U+0059 */
    {.bitmap_index = 11063, .adv_w = 288, .box_w = 18, .box_h = 22, .ofs_x = 0, .ofs_y = 0}, /* U+005A */
    {.bitmap_index = 11261, .adv_w = 288, .box_w = 18, .box_h = 29, .ofs_x = 0, .ofs_y = -3}, /* U+005B */
    {.bitmap_index = 11522, .adv_w = 288, .box_w = 18, .box_h = 29, .ofs_x = 0, .ofs_y = -3}, /* U+005C */
    {.bitmap_index = 11783, .adv_w = 288, .box_w = 18, .box_h = 29, .ofs_x = 0, .ofs_y = -3}, /* U+005D */
    {.bitmap_index = 12044, .adv_w = 288, .box_w = 18, .box_h = 22, .ofs_x = 0, .ofs_y = 0}, /* U+005E */
    {.bitmap_index = 12242, .adv_w = 288, .box_w = 18, .box_h = 4, .ofs_x = 0, .ofs_y = -4}, /* U+005F */
    {.bitmap_index = 12278, .adv_w = 288, .box_w = 18, .box_h = 24, .ofs_x = 0, .ofs_y = 0}, /* U+0060 */
    {.bitmap_index = 12494, .adv_w = 288, .box_w = 18, .box_h = 17, .ofs_x = 0, .ofs_y = 0}, /* U+0061 */
    {.bitmap_index = 12647, .adv_w = 288, .box_w = 18, .box_h = 22, .ofs_x = 0, .ofs_y = 0}, /* U+0062 */
    {.bitmap_index = 12845, .adv_w = 288, .box_w = 18, .box_h = 17, .ofs_x = 0, .ofs_y = 0}, /* U+0063 */
    {.bitmap_index = 12998, .adv_w = 288, .box_w = 18, .box_h = 22, .ofs_x = 0, .ofs_y = 0}, /* U+0064 */
    {.bitmap_index = 13196, .adv_w = 288, .box_w = 18, .box_h = 17, .ofs_x = 0, .ofs_y = 0}, /* U+0065 */
    {.bitmap_index = 13349, .adv_w = 288, .box_w = 18, .box_h = 22, .ofs_x = 0, .ofs_y = 0}, /* U+0066 */
    {.bitmap_index = 13547, .adv_w = 288, .box_w = 18, .box_h = 22, .ofs_x = 0, .ofs_y = -5}, /* U+0067 */
    {.bitmap_index = 13745, .adv_w = 288, .box_w = 18, .box_h = 22, .ofs_x = 0, .ofs_y = 0}, /* U+0068 */
    {.bitmap_index = 13943, .adv_w = 288, .box_w = 18, .box_h = 24, .ofs_x = 0, .ofs_y = 0}, /* U+0069 */
    {.bitmap_index = 14159, .adv_w = 288, .box_w = 18, .box_h = 29, .ofs_x = 0, .ofs_y = -5}, /* U+006A */
    {.bitmap_index = 14420, .adv_w = 288, .box_w = 18, .box_h = 22, .ofs_x = 0, .ofs_y = 0}, /* U+006B */
    {.bitmap_index = 14618, .adv_w = 288, .box_w = 18, .box_h = 22, .ofs_x = 0, .ofs_y = 0}, /* U+006C */
    {.bitmap_index = 14816, .adv_w = 288, .box_w = 18, .box_h = 17, .ofs_x = 0, .ofs_y = 0}, /* U+006D */
    {.bitmap_index = 14969, .adv_w = 288, .box_w = 18, .box_h = 17, .ofs_x = 0, .ofs_y = 0}, /* U+006E */
    {.bitmap_index = 15122, .adv_w = 288, .box_w = 18, .box_h = 17, .ofs_x = 0, .ofs_y = 0}, /* U+006F */
    {.bitmap_index = 15275, .adv_w = 288, .box_w = 18, .box_h = 22, .ofs_x = 0, .ofs_y = -5}, /* U+0070 */
    {.bitmap_index = 15473, .adv_w = 288, .box_w = 18, .box_h = 22, .ofs_x = 0, .ofs_y = -5}, /* U+0071 */
    {.bitmap_index = 15671, .adv_w = 288, .box_w = 18, .box_h = 17, .ofs_x = 0, .ofs_y = 0}, /* U+0072 */
    {.bitmap_index = 15824, .adv_w = 288, .box_w = 18, .box_h = 17, .ofs_x = 0, .ofs_y = 0}, /* U+0073 */
    {.bitmap_index = 15977, .adv_w = 288, .box_w = 18, .box_h = 22, .ofs_x = 0, .ofs_y = 0}, /* U+0074 */
    {.bitmap_index = 16175, .adv_w = 288, .box_w = 18, .box_h = 17, .ofs_x = 0, .ofs_y = 0}, /* U+0075 */
    {.bitmap_index = 16328, .adv_w = 288, .box_w = 18, .box_h = 17, .ofs_x = 0, .ofs_y = 0}, /* U+0076 */
    {.bitmap_index = 16481, .adv_w = 288, .box_w = 18, .box_h = 17, .ofs_x = 0, .ofs_y = 0}, /* U+0077 */
    {.bitmap_index = 16634, .adv_w = 288, .box_w = 18, .box_h = 17, .ofs_x = 0, .ofs_y = 0}, /* U+0078 */
    {.bitmap_index = 16787, .adv_w = 288, .box_w = 18, .box_h = 22, .ofs_x = 0, .ofs_y = -5}, /* U+0079 */
    {.bitmap_index = 16985, .adv_w = 288, .box_w = 18, .box_h = 17, .ofs_x = 0, .ofs_y = 0}, /* U+007A */
    {.bitmap_index = 17138, .adv_w = 288, .box_w = 18, .box_h = 29, .ofs_x = 0, .ofs_y = -3}, /* U+007B */
    {.bitmap_index = 17399, .adv_w = 288, .box_w = 18, .box_h = 29, .ofs_x = 0, .ofs_y = -3}, /* U+007C */
    {.bitmap_index = 17660, .adv_w = 288, .box_w = 18, .box_h = 29, .ofs_x = 0, .ofs_y = -3}, /* U+007D */
    {.bitmap_index = 17921, .adv_w = 288, .box_w = 18, .box_h = 14, .ofs_x = 0, .ofs_y = 0}, /* U+007E */
    {.bitmap_index = 18047, .adv_w = 288, .box_w = 18, .box_h = 22, .ofs_x = 0, .ofs_y = 0}, /* U+00B0 */
    {.bitmap_index = 18245, .adv_w = 288, .box_w = 18, .box_h = 13, .ofs_x = 0, .ofs_y = 0}, /* U+00B7 */
    {.bitmap_index = 18362, .adv_w = 288, .box_w = 18, .box_h = 15, .ofs_x = 0, .ofs_y = 0}, /* U+2022 */
    {.bitmap_index = 18497, .adv_w = 288, .box_w = 18, .box_h = 6, .ofs_x = 0, .ofs_y = 0}, /* U+2026 */
    {.bitmap_index = 18551, .adv_w = 288, .box_w = 18, .box_h = 18, .ofs_x = 0, .ofs_y = 0}, /* U+2192 */
    {.bitmap_index = 18713, .adv_w = 288, .box_w = 20, .box_h = 13, .ofs_x = -1, .ofs_y = 0}, /* U+2500 */
    {.bitmap_index = 18843, .adv_w = 288, .box_w = 18, .box_h = 40, .ofs_x = 0, .ofs_y = -9}, /* U+2588 */
    {.bitmap_index = 19203, .adv_w = 288, .box_w = 18, .box_h = 40, .ofs_x = 0, .ofs_y = -9}, /* U+258C */
    {.bitmap_index = 19563, .adv_w = 288, .box_w = 20, .box_h = 21, .ofs_x = -1, .ofs_y = 0}, /* U+25B2 */
    {.bitmap_index = 19773, .adv_w = 288, .box_w = 20, .box_h = 20, .ofs_x = -1, .ofs_y = 0}, /* U+25BC */
    {.bitmap_index = 19973, .adv_w = 288, .box_w = 20, .box_h = 21, .ofs_x = -1, .ofs_y = 0}, /* U+25CF */
};

static const uint16_t unicode_list_1[] = {0x0, 0x7, 0x1f72, 0x1f76, 0x20e2, 0x2450, 0x24d8, 0x24dc, 0x2502, 0x250c, 0x251f};

static const lv_font_fmt_txt_cmap_t cmaps[] = {
    {.range_start = 32, .range_length = 95, .glyph_id_start = 1, .unicode_list = NULL, .glyph_id_ofs_list = NULL, .list_length = 0, .type = LV_FONT_FMT_TXT_CMAP_FORMAT0_TINY},
    {.range_start = 176, .range_length = 9504, .glyph_id_start = 96, .unicode_list = unicode_list_1, .glyph_id_ofs_list = NULL, .list_length = 11, .type = LV_FONT_FMT_TXT_CMAP_SPARSE_TINY}
};

static const lv_font_fmt_txt_dsc_t font_dsc = {
    .glyph_bitmap = glyph_bitmap,
    .glyph_dsc = glyph_dsc,
    .cmaps = cmaps,
    .kern_dsc = NULL,
    .kern_scale = 0,
    .cmap_num = 2,
    .bpp = 4,
    .kern_classes = 0,
    .bitmap_format = 0,
};

const lv_font_t font_mono_30 = {
    .get_glyph_dsc = lv_font_get_glyph_dsc_fmt_txt,
    .get_glyph_bitmap = lv_font_get_bitmap_fmt_txt,
    .line_height = 40,
    .base_line = 9,
    .subpx = LV_FONT_SUBPX_NONE,
    .underline_position = -2,
    .underline_thickness = 1,
    .dsc = &font_dsc,
    .fallback = NULL,
    .user_data = NULL,
};
